Workbook

Sheet Readme
A1: SoleGuard - Simulated 10-Nurse Cohort
A2: Adaptive Smart Insole for Personalized Pressure and Temperature-Based Foot-Risk Monitoring in Long-Shift Nurses with Diabetes
A4: ALL DATA IN THIS WORKBOOK IS SIMULATED
A5: The insole hardware has not been built yet, so these 10 nurses are simulated by (data/generate_cohort_data.py, fixed random seed 7). They are NOT real patients and show that the method works on varied profiles, not that it works clinically. Replace the Readings sheet with real recordings once volunteers can be measured.
A7: HOW TO LOOK UP ONE NURSE
A8: 1 | B8: Open the 'Nurse Lookup' sheet (or see all nurses at once in 'Nurse Profiles').
A9: 2 | B9: Click the yellow cell (B3) and pick a nurse from the dropdown, for example NURSE-07.
A10: 3 | B10: The sheet shows the nurse's profile and condition, risk levels, and, for each signal, own normal, shift average and peak, and how far the nurse deviated.
A12: SHEETS
A13: Nurse Lookup | B13: Nurse Profiles lists all 10 nurses (name, age, gender, health conditions, results); Nurse Lookup shows one nurse in detail.
A14: Cohort Summary | B14: All 10 nurses in one table, with each nurse's own baseline, deviation counts, detected condition and a plain-language summary.
A15: Readings | B15: Every simulated reading (200 per nurse, one every 30 s). Z-scores are calculated by formula; risk levels come from the SoleGuard ML module.
A16: Clinical Reference | B16: Why this helps a nurse with diabetes, what can happen if readings are ignored, photo evidence slots, limits, and sources.
A18: KEY TERMS
A19: Baseline | B19: A nurse's own normal: the mean and standard deviation (SD) of each signal over the first 60 readings (30 min). Outliers are trimmed first.
A20: Deviation (SD) | B20: How many standard deviations a reading sits above THAT NURSE'S OWN baseline (a z-score). It is not compared with other nurses.
A21: Risk level | B21: normal: below 2 SD. caution: 2 to 3 SD. alert: 3 SD or more AND a second signal is also elevated, or high pressure after about 5 minutes of standing.
A22: Elevated (this sheet) | B22: A signal counts as 'Elevated' for a nurse when at least the number of readings in Cohort Summary D2 are 2 SD or more above that nurse's baseline.
A23: Calibration phase | B23: The first 60 readings are the learning phase; the system reports them as normal because the baseline is still being learned.
A25: CELL COLOURS
A26: Blue text | B26: A typed-in input or assumption (baselines and thresholds). Everything in black is a formula.
A27: Yellow cell | B27: The dropdown where you choose a nurse.
A29: ASSUMPTIONS AND SOURCES OF NUMBERS
A30: Baselines | B30: Calculated by the project's personalization.py module on each nurse's first 60 readings, then pasted in as values (blue).
A31: Risk levels | B31: Calculated by the same module (RiskDetector) on the live readings. Z-scores in the Readings sheet are recalculated here by formula from the baselines.
A32: Thresholds | B32: 2 SD and 3 SD are standard statistical conventions, not clinically tuned values. Pressure values are in raw sensor units.
A34: FICTIONAL PERSONAS
A35: Nurse Profiles | B35: Names, ages, genders and health details are invented for the simulation. Replace the blue cells on the Nurse Profiles sheet with real volunteers' details (with written consent) if real data is collected.

Sheet Nurse Profiles
A1: Nurse Profiles - 10 simulated nurses: who they are and what their readings show
A2: FICTIONAL PERSONAS. Names, ages and health details are invented for the simulation. Blue cells are inputs: replace them with real volunteers' details (with written consent) if real data is collected.
A3: Columns K to Q are formulas that read each nurse's own results from the Cohort Summary sheet.
A4: Nurse ID | B4: Name (fictional) | C4: Age | D4: Gender | E4: Ward | F4: Years in nursing | G4: Diabetes type | H4: Years with diabetes | I4: Foot sensation (neuropathy status) | J4: Other current health conditions | K4: Detected condition (from readings) | L4: Highest risk level | M4: Peak pressure deviation (SD) | N4: Peak temp deviation (SD) | O4: Caution readings | P4: Alert readings | Q4: Summary of deviations
A5: NURSE-01 | B5: Anitha D'Souza | C5: 34 | D5: Female | E5: Medical ward | F5: 9 | G5: Type 2 | H5: 4 | I5: Normal sensation | J5: None | K5: =INDEX('Cohort Summary'!$W$5:$W$14,MATCH($A5,'Cohort Summary'!$A$5:$A$14,0)) -> No signs | L5: =INDEX('Cohort Summary'!$Y$5:$Y$14,MATCH($A5,'Cohort Summary'!$A$5:$A$14,0)) -> normal | M5: =INDEX('Cohort Summary'!$S$5:$S$14,MATCH($A5,'Cohort Summary'!$A$5:$A$14,0)) -> 1.8588235 | N5: =INDEX('Cohort Summary'!$T$5:$T$14,MATCH($A5,'Cohort Summary'!$A$5:$A$14,0)) -> 1.9272727 | O5: =INDEX('Cohort Summary'!$N$5:$N$14,MATCH($A5,'Cohort Summary'!$A$5:$A$14,0)) -> 0 | P5: =INDEX('Cohort Summary'!$O$5:$O$14,MATCH($A5,'Cohort Summary'!$A$5:$A$14,0)) -> 0 | Q5: =INDEX('Cohort Summary'!$Z$5:$Z$14,MATCH($A5,'Cohort Summary'!$A$5:$A$14,0)) -> No meaningful deviation from own baseline during the live shift.
A6: NURSE-02 | B6: Rekha Shetty | C6: 41 | D6: Female | E6: Surgical ward | F6: 15 | G6: Type 2 | H6: 8 | I6: Early loss of sensation | J6: Hypertension | K6: =INDEX('Cohort Summary'!$W$5:$W$14,MATCH($A6,'Cohort Summary'!$A$5:$A$14,0)) -> Pressure only | L6: =INDEX('Cohort Summary'!$Y$5:$Y$14,MATCH($A6,'Cohort Summary'!$A$5:$A$14,0)) -> alert | M6: =INDEX('Cohort Summary'!$S$5:$S$14,MATCH($A6,'Cohort Summary'!$A$5:$A$14,0)) -> 5.2116564 | N6: =INDEX('Cohort Summary'!$T$5:$T$14,MATCH($A6,'Cohort Summary'!$A$5:$A$14,0)) -> 1.515625 | O6: =INDEX('Cohort Summary'!$N$5:$N$14,MATCH($A6,'Cohort Summary'!$A$5:$A$14,0)) -> 17 | P6: =INDEX('Cohort Summary'!$O$5:$O$14,MATCH($A6,'Cohort Summary'!$A$5:$A$14,0)) -> 3 | Q6: =INDEX('Cohort Summary'!$Z$5:$Z$14,MATCH($A6,'Cohort Summary'!$A$5:$A$14,0)) -> Deviation from own baseline: pressure peaked 5.2 SD above own normal (20 elevated readings). 3 alert and 17 caution readings.
A7: NURSE-03 | B7: Fathima Noor | C7: 38 | D7: Female | E7: ICU | F7: 12 | G7: Type 2 | H7: 6 | I7: Normal sensation | J7: None | K7: =INDEX('Cohort Summary'!$W$5:$W$14,MATCH($A7,'Cohort Summary'!$A$5:$A$14,0)) -> Temperature only | L7: =INDEX('Cohort Summary'!$Y$5:$Y$14,MATCH($A7,'Cohort Summary'!$A$5:$A$14,0)) -> caution | M7: =INDEX('Cohort Summary'!$S$5:$S$14,MATCH($A7,'Cohort Summary'!$A$5:$A$14,0)) -> 1.9205776 | N7: =INDEX('Cohort Summary'!$T$5:$T$14,MATCH($A7,'Cohort Summary'!$A$5:$A$14,0)) -> 6.0877193 | O7: =INDEX('Cohort Summary'!$N$5:$N$14,MATCH($A7,'Cohort Summary'!$A$5:$A$14,0)) -> 15 | P7: =INDEX('Cohort Summary'!$O$5:$O$14,MATCH($A7,'Cohort Summary'!$A$5:$A$14,0)) -> 0 | Q7: =INDEX('Cohort Summary'!$Z$5:$Z$14,MATCH($A7,'Cohort Summary'!$A$5:$A$14,0)) -> Deviation from own baseline: temperature peaked 6.1 SD above own normal (15 elevated readings). 0 alert and 15 caution readings.
A8: NURSE-04 | B8: Savitha Rao | C8: 49 | D8: Female | E8: Operation theatre | F8: 24 | G8: Type 2 | H8: 12 | I8: Confirmed neuropathy | J8: Hypertension, high cholesterol | K8: =INDEX('Cohort Summary'!$W$5:$W$14,MATCH($A8,'Cohort Summary'!$A$5:$A$14,0)) -> Both | L8: =INDEX('Cohort Summary'!$Y$5:$Y$14,MATCH($A8,'Cohort Summary'!$A$5:$A$14,0)) -> alert | M8: =INDEX('Cohort Summary'!$S$5:$S$14,MATCH($A8,'Cohort Summary'!$A$5:$A$14,0)) -> 5.7092652 | N8: =INDEX('Cohort Summary'!$T$5:$T$14,MATCH($A8,'Cohort Summary'!$A$5:$A$14,0)) -> 6.6896552 | O8: =INDEX('Cohort Summary'!$N$5:$N$14,MATCH($A8,'Cohort Summary'!$A$5:$A$14,0)) -> 3 | P8: =INDEX('Cohort Summary'!$O$5:$O$14,MATCH($A8,'Cohort Summary'!$A$5:$A$14,0)) -> 20 | Q8: =INDEX('Cohort Summary'!$Z$5:$Z$14,MATCH($A8,'Cohort Summary'!$A$5:$A$14,0)) -> Deviation from own baseline: pressure peaked 5.7 SD above own normal (23 elevated readings); temperature peaked 6.7 SD above own normal (21 elevated readings). 20 alert and 3 caution readings.
A9: NURSE-05 | B9: Joseph Pinto | C9: 45 | D9: Male | E9: Emergency | F9: 20 | G9: Type 2 | H9: 7 | I9: Normal sensation | J9: Overweight | K9: =INDEX('Cohort Summary'!$W$5:$W$14,MATCH($A9,'Cohort Summary'!$A$5:$A$14,0)) -> No signs | L9: =INDEX('Cohort Summary'!$Y$5:$Y$14,MATCH($A9,'Cohort Summary'!$A$5:$A$14,0)) -> normal | M9: =INDEX('Cohort Summary'!$S$5:$S$14,MATCH($A9,'Cohort Summary'!$A$5:$A$14,0)) -> 1.7224199 | N9: =INDEX('Cohort Summary'!$T$5:$T$14,MATCH($A9,'Cohort Summary'!$A$5:$A$14,0)) -> 1.7142857 | O9: =INDEX('Cohort Summary'!$N$5:$N$14,MATCH($A9,'Cohort Summary'!$A$5:$A$14,0)) -> 0 | P9: =INDEX('Cohort Summary'!$O$5:$O$14,MATCH($A9,'Cohort Summary'!$A$5:$A$14,0)) -> 0 | Q9: =INDEX('Cohort Summary'!$Z$5:$Z$14,MATCH($A9,'Cohort Summary'!$A$5:$A$14,0)) -> No meaningful deviation from own baseline during the live shift.
A10: NURSE-06 | B10: Deepa Nayak | C10: 36 | D10: Female | E10: Paediatric ward | F10: 11 | G10: Type 1 | H10: 15 | I10: Early loss of sensation | J10: None | K10: =INDEX('Cohort Summary'!$W$5:$W$14,MATCH($A10,'Cohort Summary'!$A$5:$A$14,0)) -> Pressure only | L10: =INDEX('Cohort Summary'!$Y$5:$Y$14,MATCH($A10,'Cohort Summary'!$A$5:$A$14,0)) -> alert | M10: =INDEX('Cohort Summary'!$S$5:$S$14,MATCH($A10,'Cohort Summary'!$A$5:$A$14,0)) -> 5.1493056 | N10: =INDEX('Cohort Summary'!$T$5:$T$14,MATCH($A10,'Cohort Summary'!$A$5:$A$14,0)) -> 1.8703704 | O10: =INDEX('Cohort Summary'!$N$5:$N$14,MATCH($A10,'Cohort Summary'!$A$5:$A$14,0)) -> 15 | P10: =INDEX('Cohort Summary'!$O$5:$O$14,MATCH($A10,'Cohort Summary'!$A$5:$A$14,0)) -> 3 | Q10: =INDEX('Cohort Summary'!$Z$5:$Z$14,MATCH($A10,'Cohort Summary'!$A$5:$A$14,0)) -> Deviation from own baseline: pressure peaked 5.1 SD above own normal (18 elevated readings). 3 alert and 15 caution readings.
A11: NURSE-07 | B11: Lakshmi Bhat | C11: 52 | D11: Female | E11: ICU | F11: 28 | G11: Type 2 | H11: 14 | I11: Confirmed neuropathy | J11: Hypertension, varicose veins | K11: =INDEX('Cohort Summary'!$W$5:$W$14,MATCH($A11,'Cohort Summary'!$A$5:$A$14,0)) -> Both | L11: =INDEX('Cohort Summary'!$Y$5:$Y$14,MATCH($A11,'Cohort Summary'!$A$5:$A$14,0)) -> alert | M11: =INDEX('Cohort Summary'!$S$5:$S$14,MATCH($A11,'Cohort Summary'!$A$5:$A$14,0)) -> 6.4013841 | N11: =INDEX('Cohort Summary'!$T$5:$T$14,MATCH($A11,'Cohort Summary'!$A$5:$A$14,0)) -> 6.295082 | O11: =INDEX('Cohort Summary'!$N$5:$N$14,MATCH($A11,'Cohort Summary'!$A$5:$A$14,0)) -> 3 | P11: =INDEX('Cohort Summary'!$O$5:$O$14,MATCH($A11,'Cohort Summary'!$A$5:$A$14,0)) -> 44 | Q11: =INDEX('Cohort Summary'!$Z$5:$Z$14,MATCH($A11,'Cohort Summary'!$A$5:$A$14,0)) -> Deviation from own baseline: pressure peaked 6.4 SD above own normal (47 elevated readings); temperature peaked 6.3 SD above own normal (44 elevated readings). 44 alert and 3 caution readings.
A12: NURSE-08 | B12: Mohammed Rafiq | C12: 31 | D12: Male | E12: Medical ward | F12: 6 | G12: Type 1 | H12: 3 | I12: Normal sensation | J12: None | K12: =INDEX('Cohort Summary'!$W$5:$W$14,MATCH($A12,'Cohort Summary'!$A$5:$A$14,0)) -> No signs | L12: =INDEX('Cohort Summary'!$Y$5:$Y$14,MATCH($A12,'Cohort Summary'!$A$5:$A$14,0)) -> normal | M12: =INDEX('Cohort Summary'!$S$5:$S$14,MATCH($A12,'Cohort Summary'!$A$5:$A$14,0)) -> 1.7785714 | N12: =INDEX('Cohort Summary'!$T$5:$T$14,MATCH($A12,'Cohort Summary'!$A$5:$A$14,0)) -> 1.7068966 | O12: =INDEX('Cohort Summary'!$N$5:$N$14,MATCH($A12,'Cohort Summary'!$A$5:$A$14,0)) -> 0 | P12: =INDEX('Cohort Summary'!$O$5:$O$14,MATCH($A12,'Cohort Summary'!$A$5:$A$14,0)) -> 0 | Q12: =INDEX('Cohort Summary'!$Z$5:$Z$14,MATCH($A12,'Cohort Summary'!$A$5:$A$14,0)) -> No meaningful deviation from own baseline during the live shift.
A13: NURSE-09 | B13: Prema Kumari | C13: 47 | D13: Female | E13: Maternity ward | F13: 22 | G13: Type 2 | H13: 9 | I13: Normal sensation | J13: Hypothyroidism | K13: =INDEX('Cohort Summary'!$W$5:$W$14,MATCH($A13,'Cohort Summary'!$A$5:$A$14,0)) -> Temperature only | L13: =INDEX('Cohort Summary'!$Y$5:$Y$14,MATCH($A13,'Cohort Summary'!$A$5:$A$14,0)) -> caution | M13: =INDEX('Cohort Summary'!$S$5:$S$14,MATCH($A13,'Cohort Summary'!$A$5:$A$14,0)) -> 1.970297 | N13: =INDEX('Cohort Summary'!$T$5:$T$14,MATCH($A13,'Cohort Summary'!$A$5:$A$14,0)) -> 5.7704918 | O13: =INDEX('Cohort Summary'!$N$5:$N$14,MATCH($A13,'Cohort Summary'!$A$5:$A$14,0)) -> 55 | P13: =INDEX('Cohort Summary'!$O$5:$O$14,MATCH($A13,'Cohort Summary'!$A$5:$A$14,0)) -> 0 | Q13: =INDEX('Cohort Summary'!$Z$5:$Z$14,MATCH($A13,'Cohort Summary'!$A$5:$A$14,0)) -> Deviation from own baseline: temperature peaked 5.8 SD above own normal (55 elevated readings). 0 alert and 55 caution readings.
A14: NURSE-10 | B14: Sunitha George | C14: 43 | D14: Female | E14: Surgical ward | F14: 18 | G14: Type 2 | H14: 10 | I14: Early loss of sensation | J14: Hypertension | K14: =INDEX('Cohort Summary'!$W$5:$W$14,MATCH($A14,'Cohort Summary'!$A$5:$A$14,0)) -> Both | L14: =INDEX('Cohort Summary'!$Y$5:$Y$14,MATCH($A14,'Cohort Summary'!$A$5:$A$14,0)) -> alert | M14: =INDEX('Cohort Summary'!$S$5:$S$14,MATCH($A14,'Cohort Summary'!$A$5:$A$14,0)) -> 4.0487805 | N14: =INDEX('Cohort Summary'!$T$5:$T$14,MATCH($A14,'Cohort Summary'!$A$5:$A$14,0)) -> 3.9322034 | O14: =INDEX('Cohort Summary'!$N$5:$N$14,MATCH($A14,'Cohort Summary'!$A$5:$A$14,0)) -> 7 | P14: =INDEX('Cohort Summary'!$O$5:$O$14,MATCH($A14,'Cohort Summary'!$A$5:$A$14,0)) -> 11 | Q14: =INDEX('Cohort Summary'!$Z$5:$Z$14,MATCH($A14,'Cohort Summary'!$A$5:$A$14,0)) -> Deviation from own baseline: pressure peaked 4.0 SD above own normal (17 elevated readings); temperature peaked 3.9 SD above own normal (13 elevated readings). 11 alert and 7 caution readings.

Sheet Nurse Lookup
A1: Nurse Lookup - pick a nurse to see the profile, conditions and deviations
A2: SIMULATED DATA, FICTIONAL PERSONAS. Every deviation is measured against that nurse's OWN baseline, not against other nurses.
A3: Select nurse > | B3: NURSE-07 | C3: (click the yellow cell and choose from the dropdown)
A4: Name (fictional) | B4: =INDEX('Nurse Profiles'!$B$5:$B$14,MATCH($B$3,'Nurse Profiles'!$A$5:$A$14,0)) -> Lakshmi Bhat
A5: Age | B5: =INDEX('Nurse Profiles'!$C$5:$C$14,MATCH($B$3,'Nurse Profiles'!$A$5:$A$14,0)) -> 52
A6: Gender | B6: =INDEX('Nurse Profiles'!$D$5:$D$14,MATCH($B$3,'Nurse Profiles'!$A$5:$A$14,0)) -> Female
A7: Ward and experience | B7: =INDEX('Nurse Profiles'!$E$5:$E$14,MATCH($B$3,'Nurse Profiles'!$A$5:$A$14,0))&", "&INDEX('Nurse Profiles'!$F$5:$F$14,MATCH($B$3,'Nurse Profiles'!$A$5:$A$14,0))&" years in nursing" -> ICU, 28 years in nursing
A8: Diabetes | B8: =INDEX('Nurse Profiles'!$G$5:$G$14,MATCH($B$3,'Nurse Profiles'!$A$5:$A$14,0))&" diabetes for "&INDEX('Nurse Profiles'!$H$5:$H$14,MATCH($B$3,'Nurse Profiles'!$A$5:$A$14,0))&" years" -> Type 2 diabetes for 14 years
A9: Foot sensation (neuropathy) | B9: =INDEX('Nurse Profiles'!$I$5:$I$14,MATCH($B$3,'Nurse Profiles'!$A$5:$A$14,0)) -> Confirmed neuropathy
A10: Other current health conditions | B10: =INDEX('Nurse Profiles'!$J$5:$J$14,MATCH($B$3,'Nurse Profiles'!$A$5:$A$14,0)) -> Hypertension, varicose veins
A12: Designed pattern (simulated) | B12: =INDEX('Cohort Summary'!$B$5:$B$14,MATCH($B$3,'Cohort Summary'!$A$5:$A$14,0)) -> Long standing stretches with pressure and temperature rising together
A13: Detected condition | B13: =INDEX('Cohort Summary'!$W$5:$W$14,MATCH($B$3,'Cohort Summary'!$A$5:$A$14,0)) -> Both
A14: Highest risk level in live shift | B14: =INDEX('Cohort Summary'!$Y$5:$Y$14,MATCH($B$3,'Cohort Summary'!$A$5:$A$14,0)) -> alert
A15: Summary of deviations | B15: =INDEX('Cohort Summary'!$Z$5:$Z$14,MATCH($B$3,'Cohort Summary'!$A$5:$A$14,0)) -> Deviation from own baseline: pressure peaked 6.4 SD above own normal (47 elevated readings); temperature peaked 6.3 SD above own normal (44 elevated readings). 44 alert and 3 caution readings.
A17: Live-phase readings | B17: =INDEX('Cohort Summary'!$L$5:$L$14,MATCH($B$3,'Cohort Summary'!$A$5:$A$14,0)) -> 140
A18: Normal | B18: =INDEX('Cohort Summary'!$M$5:$M$14,MATCH($B$3,'Cohort Summary'!$A$5:$A$14,0)) -> 93
A19: Caution | B19: =INDEX('Cohort Summary'!$N$5:$N$14,MATCH($B$3,'Cohort Summary'!$A$5:$A$14,0)) -> 3
A20: Alert | B20: =INDEX('Cohort Summary'!$O$5:$O$14,MATCH($B$3,'Cohort Summary'!$A$5:$A$14,0)) -> 44
A21: % of live readings flagged | B21: =INDEX('Cohort Summary'!$P$5:$P$14,MATCH($B$3,'Cohort Summary'!$A$5:$A$14,0)) -> 0.33571429
A22: First caution at | B22: =IFERROR(INDEX(Readings!$B$2:$B$2001,MATCH($B$3&"|caution",Readings!$P$2:$P$2001,0)),"none this shift") -> 46303.314
A23: First alert at | B23: =IFERROR(INDEX(Readings!$B$2:$B$2001,MATCH($B$3&"|alert",Readings!$P$2:$P$2001,0)),"none this shift") -> 46303.314
A26: Signal | B26: Baseline mean (own normal) | C26: Baseline SD | D26: Shift average (live) | E26: Shift peak (live) | F26: Peak deviation (SD above own baseline) | G26: Readings 2+ SD above baseline | H26: % of live readings | I26: Status
A27: Heel pressure | B27: =INDEX('Cohort Summary'!$D$5:$D$14,MATCH($B$3,'Cohort Summary'!$A$5:$A$14,0)) -> 48 | C27: =INDEX('Cohort Summary'!$E$5:$E$14,MATCH($B$3,'Cohort Summary'!$A$5:$A$14,0)) -> 2.89 | D27: =AVERAGEIFS(Readings!$D$2:$D$2001,Readings!$A$2:$A$2001,$B$3,Readings!$C$2:$C$2001,"Live") -> 52.213571 | E27: =_xlfn.MAXIFS(Readings!$D$2:$D$2001,Readings!$A$2:$A$2001,$B$3,Readings!$C$2:$C$2001,"Live") -> 66.5 | F27: =(E27-B27)/C27 -> 6.4013841 | G27: =COUNTIFS(Readings!$A$2:$A$2001,$B$3,Readings!$C$2:$C$2001,"Live",Readings!$I$2:$I$2001,">="&'Cohort Summary'!$B$2) -> 44 | H27: =IF($B$17=0,0,G27/$B$17) -> 0.31428571 | I27: =IF(G27>='Cohort Summary'!$D$2,"ELEVATED","Normal") -> ELEVATED
A28: Midfoot pressure | B28: =INDEX('Cohort Summary'!$F$5:$F$14,MATCH($B$3,'Cohort Summary'!$A$5:$A$14,0)) -> 18.45 | C28: =INDEX('Cohort Summary'!$G$5:$G$14,MATCH($B$3,'Cohort Summary'!$A$5:$A$14,0)) -> 1.91 | D28: =AVERAGEIFS(Readings!$E$2:$E$2001,Readings!$A$2:$A$2001,$B$3,Readings!$C$2:$C$2001,"Live") -> 18.386429 | E28: =_xlfn.MAXIFS(Readings!$E$2:$E$2001,Readings!$A$2:$A$2001,$B$3,Readings!$C$2:$C$2001,"Live") -> 21.9 | F28: =(E28-B28)/C28 -> 1.8062827 | G28: =COUNTIFS(Readings!$A$2:$A$2001,$B$3,Readings!$C$2:$C$2001,"Live",Readings!$J$2:$J$2001,">="&'Cohort Summary'!$B$2) -> 0 | H28: =IF($B$17=0,0,G28/$B$17) -> 0 | I28: =IF(G28>='Cohort Summary'!$D$2,"ELEVATED","Normal") -> Normal
A29: Toe pressure | B29: =INDEX('Cohort Summary'!$H$5:$H$14,MATCH($B$3,'Cohort Summary'!$A$5:$A$14,0)) -> 34.58 | C29: =INDEX('Cohort Summary'!$I$5:$I$14,MATCH($B$3,'Cohort Summary'!$A$5:$A$14,0)) -> 2.63 | D29: =AVERAGEIFS(Readings!$F$2:$F$2001,Readings!$A$2:$A$2001,$B$3,Readings!$C$2:$C$2001,"Live") -> 38.080714 | E29: =_xlfn.MAXIFS(Readings!$F$2:$F$2001,Readings!$A$2:$A$2001,$B$3,Readings!$C$2:$C$2001,"Live") -> 50.7 | F29: =(E29-B29)/C29 -> 6.1292776 | G29: =COUNTIFS(Readings!$A$2:$A$2001,$B$3,Readings!$C$2:$C$2001,"Live",Readings!$K$2:$K$2001,">="&'Cohort Summary'!$B$2) -> 44 | H29: =IF($B$17=0,0,G29/$B$17) -> 0.31428571 | I29: =IF(G29>='Cohort Summary'!$D$2,"ELEVATED","Normal") -> ELEVATED
A30: Foot temperature (°C) | B30: =INDEX('Cohort Summary'!$J$5:$J$14,MATCH($B$3,'Cohort Summary'!$A$5:$A$14,0)) -> 33.46 | C30: =INDEX('Cohort Summary'!$K$5:$K$14,MATCH($B$3,'Cohort Summary'!$A$5:$A$14,0)) -> 0.61 | D30: =AVERAGEIFS(Readings!$G$2:$G$2001,Readings!$A$2:$A$2001,$B$3,Readings!$C$2:$C$2001,"Live") -> 34.199286 | E30: =_xlfn.MAXIFS(Readings!$G$2:$G$2001,Readings!$A$2:$A$2001,$B$3,Readings!$C$2:$C$2001,"Live") -> 37.3 | F30: =(E30-B30)/C30 -> 6.295082 | G30: =COUNTIFS(Readings!$A$2:$A$2001,$B$3,Readings!$C$2:$C$2001,"Live",Readings!$L$2:$L$2001,">="&'Cohort Summary'!$B$2) -> 44 | H30: =IF($B$17=0,0,G30/$B$17) -> 0.31428571 | I30: =IF(G30>='Cohort Summary'!$D$2,"ELEVATED","Normal") -> ELEVATED
A32: How to read this
A33: A nurse's baseline is what is normal FOR THAT NURSE (learned from the first 30 minutes of the shift). A deviation of 2 SD or more is unusual for them; 3 SD or more is very unusual. A signal shows ELEVATED when enough readings (Cohort Summary D2) reach 2 SD. 'Detected condition' combines the pressure signals and temperature: both, one, or none. Pressure is in raw sensor units.

Sheet Cohort Summary
A1: Cohort Summary - 10 simulated nurses (each compared only with their own baseline)
A2: Elevated if deviation (SD) >= | B2: 2 | C2: Min elevated readings to flag a condition: | D2: 3 | E2: (assumptions - change them and every status below updates)
A3: SIMULATED DATA. Baselines (blue) come from the ML module; everything else is a formula over the Readings sheet (live phase only).
A4: Nurse ID | B4: Designed pattern (simulated) | C4: Designed category | D4: Heel baseline mean | E4: Heel baseline SD | F4: Midfoot baseline mean | G4: Midfoot baseline SD | H4: Toe baseline mean | I4: Toe baseline SD | J4: Temp baseline mean (°C) | K4: Temp baseline SD (°C) | L4: Live readings | M4: Normal | N4: Caution | O4: Alert | P4: % flagged | Q4: Pressure-elevated readings | R4: Temp-elevated readings | S4: Peak pressure deviation (SD) | T4: Peak temp deviation (SD) | U4: Pressure status | V4: Temperature status | W4: Detected category | X4: Matches design? | Y4: Highest risk level | Z4: Plain-language summary
A5: NURSE-01 | B5: Stable all shift, stays within own normal | C5: No signs | D5: 40.03 | E5: 3.11 | F5: 18.53 | G5: 1.94 | H5: 30.26 | I5: 2.55 | J5: 32.94 | K5: 0.55 | L5: =COUNTIFS(Readings!$A$2:$A$2001,$A5,Readings!$C$2:$C$2001,"Live") -> 140 | M5: =COUNTIFS(Readings!$A$2:$A$2001,$A5,Readings!$C$2:$C$2001,"Live",Readings!$N$2:$N$2001,"normal") -> 140 | N5: =COUNTIFS(Readings!$A$2:$A$2001,$A5,Readings!$C$2:$C$2001,"Live",Readings!$N$2:$N$2001,"caution") -> 0 | O5: =COUNTIFS(Readings!$A$2:$A$2001,$A5,Readings!$C$2:$C$2001,"Live",Readings!$N$2:$N$2001,"alert") -> 0 | P5: =IF(L5=0,0,(N5+O5)/L5) -> 0 | Q5: =COUNTIFS(Readings!$A$2:$A$2001,$A5,Readings!$C$2:$C$2001,"Live",Readings!$M$2:$M$2001,">="&$B$2) -> 0 | R5: =COUNTIFS(Readings!$A$2:$A$2001,$A5,Readings!$C$2:$C$2001,"Live",Readings!$L$2:$L$2001,">="&$B$2) -> 0 | S5: =_xlfn.MAXIFS(Readings!$M$2:$M$2001,Readings!$A$2:$A$2001,$A5,Readings!$C$2:$C$2001,"Live") -> 1.8588235 | T5: =_xlfn.MAXIFS(Readings!$L$2:$L$2001,Readings!$A$2:$A$2001,$A5,Readings!$C$2:$C$2001,"Live") -> 1.9272727 | U5: =IF(Q5>=$D$2,"Elevated","Normal") -> Normal | V5: =IF(R5>=$D$2,"Elevated","Normal") -> Normal | W5: =IF(AND(U5="Elevated",V5="Elevated"),"Both",IF(U5="Elevated","Pressure only",IF(V5="Elevated","Temperature only","No signs"))) -> No signs | X5: =IF(W5=C5,"Yes","CHECK") -> Yes | Y5: =IF(O5>0,"alert",IF(N5>0,"caution","normal")) -> normal | Z5: =IF(W5="No signs","No meaningful deviation from own baseline during the live shift.","Deviation from own baseline: "&IF(U5="Elevated","pressure peaked "&TEXT(S5,"0.0")&" SD above own normal ("&Q5&" elevated readings)","")&IF(AND(U5="Elevated",V5="Elevated"),"; ","")&IF(V5="Elevated","temperature peaked "&TEXT(T5,"0.0")&" SD above own normal ("&R5&" elevated readings)","")&". "&O5&" alert and "&N5&" caution readings.") -> No meaningful deviation from own baseline during the live shift.
A6: NURSE-02 | B6: Heel pressure rises after long standing; temperature normal | C6: Pressure only | D6: 43.81 | E6: 3.26 | F6: 19.05 | G6: 2.12 | H6: 32.45 | I6: 2.94 | J6: 32.83 | K6: 0.64 | L6: =COUNTIFS(Readings!$A$2:$A$2001,$A6,Readings!$C$2:$C$2001,"Live") -> 140 | M6: =COUNTIFS(Readings!$A$2:$A$2001,$A6,Readings!$C$2:$C$2001,"Live",Readings!$N$2:$N$2001,"normal") -> 120 | N6: =COUNTIFS(Readings!$A$2:$A$2001,$A6,Readings!$C$2:$C$2001,"Live",Readings!$N$2:$N$2001,"caution") -> 17 | O6: =COUNTIFS(Readings!$A$2:$A$2001,$A6,Readings!$C$2:$C$2001,"Live",Readings!$N$2:$N$2001,"alert") -> 3 | P6: =IF(L6=0,0,(N6+O6)/L6) -> 0.14285714 | Q6: =COUNTIFS(Readings!$A$2:$A$2001,$A6,Readings!$C$2:$C$2001,"Live",Readings!$M$2:$M$2001,">="&$B$2) -> 20 | R6: =COUNTIFS(Readings!$A$2:$A$2001,$A6,Readings!$C$2:$C$2001,"Live",Readings!$L$2:$L$2001,">="&$B$2) -> 0 | S6: =_xlfn.MAXIFS(Readings!$M$2:$M$2001,Readings!$A$2:$A$2001,$A6,Readings!$C$2:$C$2001,"Live") -> 5.2116564 | T6: =_xlfn.MAXIFS(Readings!$L$2:$L$2001,Readings!$A$2:$A$2001,$A6,Readings!$C$2:$C$2001,"Live") -> 1.515625 | U6: =IF(Q6>=$D$2,"Elevated","Normal") -> Elevated | V6: =IF(R6>=$D$2,"Elevated","Normal") -> Normal | W6: =IF(AND(U6="Elevated",V6="Elevated"),"Both",IF(U6="Elevated","Pressure only",IF(V6="Elevated","Temperature only","No signs"))) -> Pressure only | X6: =IF(W6=C6,"Yes","CHECK") -> Yes | Y6: =IF(O6>0,"alert",IF(N6>0,"caution","normal")) -> alert | Z6: =IF(W6="No signs","No meaningful deviation from own baseline during the live shift.","Deviation from own baseline: "&IF(U6="Elevated","pressure peaked "&TEXT(S6,"0.0")&" SD above own normal ("&Q6&" elevated readings)","")&IF(AND(U6="Elevated",V6="Elevated"),"; ","")&IF(V6="Elevated","temperature peaked "&TEXT(T6,"0.0")&" SD above own normal ("&R6&" elevated readings)","")&". "&O6&" alert and "&N6&" caution readings.") -> Deviation from own baseline: pressure peaked 5.2 SD above own normal (20 elevated readings). 3 alert and 17 caution readings.
A7: NURSE-03 | B7: Foot temperature rises in short hot-spot episodes; pressure normal | C7: Temperature only | D7: 36.96 | E7: 2.8 | F7: 18.28 | G7: 2.17 | H7: 27.68 | I7: 2.77 | J7: 33.33 | K7: 0.57 | L7: =COUNTIFS(Readings!$A$2:$A$2001,$A7,Readings!$C$2:$C$2001,"Live") -> 140 | M7: =COUNTIFS(Readings!$A$2:$A$2001,$A7,Readings!$C$2:$C$2001,"Live",Readings!$N$2:$N$2001,"normal") -> 125 | N7: =COUNTIFS(Readings!$A$2:$A$2001,$A7,Readings!$C$2:$C$2001,"Live",Readings!$N$2:$N$2001,"caution") -> 15 | O7: =COUNTIFS(Readings!$A$2:$A$2001,$A7,Readings!$C$2:$C$2001,"Live",Readings!$N$2:$N$2001,"alert") -> 0 | P7: =IF(L7=0,0,(N7+O7)/L7) -> 0.10714286 | Q7: =COUNTIFS(Readings!$A$2:$A$2001,$A7,Readings!$C$2:$C$2001,"Live",Readings!$M$2:$M$2001,">="&$B$2) -> 0 | R7: =COUNTIFS(Readings!$A$2:$A$2001,$A7,Readings!$C$2:$C$2001,"Live",Readings!$L$2:$L$2001,">="&$B$2) -> 15 | S7: =_xlfn.MAXIFS(Readings!$M$2:$M$2001,Readings!$A$2:$A$2001,$A7,Readings!$C$2:$C$2001,"Live") -> 1.9205776 | T7: =_xlfn.MAXIFS(Readings!$L$2:$L$2001,Readings!$A$2:$A$2001,$A7,Readings!$C$2:$C$2001,"Live") -> 6.0877193 | U7: =IF(Q7>=$D$2,"Elevated","Normal") -> Normal | V7: =IF(R7>=$D$2,"Elevated","Normal") -> Elevated | W7: =IF(AND(U7="Elevated",V7="Elevated"),"Both",IF(U7="Elevated","Pressure only",IF(V7="Elevated","Temperature only","No signs"))) -> Temperature only | X7: =IF(W7=C7,"Yes","CHECK") -> Yes | Y7: =IF(O7>0,"alert",IF(N7>0,"caution","normal")) -> caution | Z7: =IF(W7="No signs","No meaningful deviation from own baseline during the live shift.","Deviation from own baseline: "&IF(U7="Elevated","pressure peaked "&TEXT(S7,"0.0")&" SD above own normal ("&Q7&" elevated readings)","")&IF(AND(U7="Elevated",V7="Elevated"),"; ","")&IF(V7="Elevated","temperature peaked "&TEXT(T7,"0.0")&" SD above own normal ("&R7&" elevated readings)","")&". "&O7&" alert and "&N7&" caution readings.") -> Deviation from own baseline: temperature peaked 6.1 SD above own normal (15 elevated readings). 0 alert and 15 caution readings.
A8: NURSE-04 | B8: Pressure and temperature both rise, repeatedly | C8: Both | D8: 45.83 | E8: 3.13 | F8: 19.64 | G8: 1.93 | H8: 33.15 | I8: 2.98 | J8: 33.32 | K8: 0.58 | L8: =COUNTIFS(Readings!$A$2:$A$2001,$A8,Readings!$C$2:$C$2001,"Live") -> 140 | M8: =COUNTIFS(Readings!$A$2:$A$2001,$A8,Readings!$C$2:$C$2001,"Live",Readings!$N$2:$N$2001,"normal") -> 117 | N8: =COUNTIFS(Readings!$A$2:$A$2001,$A8,Readings!$C$2:$C$2001,"Live",Readings!$N$2:$N$2001,"caution") -> 3 | O8: =COUNTIFS(Readings!$A$2:$A$2001,$A8,Readings!$C$2:$C$2001,"Live",Readings!$N$2:$N$2001,"alert") -> 20 | P8: =IF(L8=0,0,(N8+O8)/L8) -> 0.16428571 | Q8: =COUNTIFS(Readings!$A$2:$A$2001,$A8,Readings!$C$2:$C$2001,"Live",Readings!$M$2:$M$2001,">="&$B$2) -> 23 | R8: =COUNTIFS(Readings!$A$2:$A$2001,$A8,Readings!$C$2:$C$2001,"Live",Readings!$L$2:$L$2001,">="&$B$2) -> 21 | S8: =_xlfn.MAXIFS(Readings!$M$2:$M$2001,Readings!$A$2:$A$2001,$A8,Readings!$C$2:$C$2001,"Live") -> 5.7092652 | T8: =_xlfn.MAXIFS(Readings!$L$2:$L$2001,Readings!$A$2:$A$2001,$A8,Readings!$C$2:$C$2001,"Live") -> 6.6896552 | U8: =IF(Q8>=$D$2,"Elevated","Normal") -> Elevated | V8: =IF(R8>=$D$2,"Elevated","Normal") -> Elevated | W8: =IF(AND(U8="Elevated",V8="Elevated"),"Both",IF(U8="Elevated","Pressure only",IF(V8="Elevated","Temperature only","No signs"))) -> Both | X8: =IF(W8=C8,"Yes","CHECK") -> Yes | Y8: =IF(O8>0,"alert",IF(N8>0,"caution","normal")) -> alert | Z8: =IF(W8="No signs","No meaningful deviation from own baseline during the live shift.","Deviation from own baseline: "&IF(U8="Elevated","pressure peaked "&TEXT(S8,"0.0")&" SD above own normal ("&Q8&" elevated readings)","")&IF(AND(U8="Elevated",V8="Elevated"),"; ","")&IF(V8="Elevated","temperature peaked "&TEXT(T8,"0.0")&" SD above own normal ("&R8&" elevated readings)","")&". "&O8&" alert and "&N8&" caution readings.") -> Deviation from own baseline: pressure peaked 5.7 SD above own normal (23 elevated readings); temperature peaked 6.7 SD above own normal (21 elevated readings). 20 alert and 3 caution readings.
A9: NURSE-05 | B9: High readings by other nurses' standards, but normal and stable for this nurse | C9: No signs | D9: 65.42 | E9: 2.88 | F9: 20.9 | G9: 2.16 | H9: 50.16 | I9: 2.81 | J9: 34.42 | K9: 0.63 | L9: =COUNTIFS(Readings!$A$2:$A$2001,$A9,Readings!$C$2:$C$2001,"Live") -> 140 | M9: =COUNTIFS(Readings!$A$2:$A$2001,$A9,Readings!$C$2:$C$2001,"Live",Readings!$N$2:$N$2001,"normal") -> 140 | N9: =COUNTIFS(Readings!$A$2:$A$2001,$A9,Readings!$C$2:$C$2001,"Live",Readings!$N$2:$N$2001,"caution") -> 0 | O9: =COUNTIFS(Readings!$A$2:$A$2001,$A9,Readings!$C$2:$C$2001,"Live",Readings!$N$2:$N$2001,"alert") -> 0 | P9: =IF(L9=0,0,(N9+O9)/L9) -> 0 | Q9: =COUNTIFS(Readings!$A$2:$A$2001,$A9,Readings!$C$2:$C$2001,"Live",Readings!$M$2:$M$2001,">="&$B$2) -> 0 | R9: =COUNTIFS(Readings!$A$2:$A$2001,$A9,Readings!$C$2:$C$2001,"Live",Readings!$L$2:$L$2001,">="&$B$2) -> 0 | S9: =_xlfn.MAXIFS(Readings!$M$2:$M$2001,Readings!$A$2:$A$2001,$A9,Readings!$C$2:$C$2001,"Live") -> 1.7224199 | T9: =_xlfn.MAXIFS(Readings!$L$2:$L$2001,Readings!$A$2:$A$2001,$A9,Readings!$C$2:$C$2001,"Live") -> 1.7142857 | U9: =IF(Q9>=$D$2,"Elevated","Normal") -> Normal | V9: =IF(R9>=$D$2,"Elevated","Normal") -> Normal | W9: =IF(AND(U9="Elevated",V9="Elevated"),"Both",IF(U9="Elevated","Pressure only",IF(V9="Elevated","Temperature only","No signs"))) -> No signs | X9: =IF(W9=C9,"Yes","CHECK") -> Yes | Y9: =IF(O9>0,"alert",IF(N9>0,"caution","normal")) -> normal | Z9: =IF(W9="No signs","No meaningful deviation from own baseline during the live shift.","Deviation from own baseline: "&IF(U9="Elevated","pressure peaked "&TEXT(S9,"0.0")&" SD above own normal ("&Q9&" elevated readings)","")&IF(AND(U9="Elevated",V9="Elevated"),"; ","")&IF(V9="Elevated","temperature peaked "&TEXT(T9,"0.0")&" SD above own normal ("&R9&" elevated readings)","")&". "&O9&" alert and "&N9&" caution readings.") -> No meaningful deviation from own baseline during the live shift.
A10: NURSE-06 | B10: Toe (forefoot) pressure rises, mostly while standing; temperature normal | C10: Pressure only | D10: 42.22 | E10: 2.92 | F10: 21.72 | G10: 2.06 | H10: 29.17 | I10: 2.88 | J10: 32.89 | K10: 0.54 | L10: =COUNTIFS(Readings!$A$2:$A$2001,$A10,Readings!$C$2:$C$2001,"Live") -> 140 | M10: =COUNTIFS(Readings!$A$2:$A$2001,$A10,Readings!$C$2:$C$2001,"Live",Readings!$N$2:$N$2001,"normal") -> 122 | N10: =COUNTIFS(Readings!$A$2:$A$2001,$A10,Readings!$C$2:$C$2001,"Live",Readings!$N$2:$N$2001,"caution") -> 15 | O10: =COUNTIFS(Readings!$A$2:$A$2001,$A10,Readings!$C$2:$C$2001,"Live",Readings!$N$2:$N$2001,"alert") -> 3 | P10: =IF(L10=0,0,(N10+O10)/L10) -> 0.12857143 | Q10: =COUNTIFS(Readings!$A$2:$A$2001,$A10,Readings!$C$2:$C$2001,"Live",Readings!$M$2:$M$2001,">="&$B$2) -> 18 | R10: =COUNTIFS(Readings!$A$2:$A$2001,$A10,Readings!$C$2:$C$2001,"Live",Readings!$L$2:$L$2001,">="&$B$2) -> 0 | S10: =_xlfn.MAXIFS(Readings!$M$2:$M$2001,Readings!$A$2:$A$2001,$A10,Readings!$C$2:$C$2001,"Live") -> 5.1493056 | T10: =_xlfn.MAXIFS(Readings!$L$2:$L$2001,Readings!$A$2:$A$2001,$A10,Readings!$C$2:$C$2001,"Live") -> 1.8703704 | U10: =IF(Q10>=$D$2,"Elevated","Normal") -> Elevated | V10: =IF(R10>=$D$2,"Elevated","Normal") -> Normal | W10: =IF(AND(U10="Elevated",V10="Elevated"),"Both",IF(U10="Elevated","Pressure only",IF(V10="Elevated","Temperature only","No signs"))) -> Pressure only | X10: =IF(W10=C10,"Yes","CHECK") -> Yes | Y10: =IF(O10>0,"alert",IF(N10>0,"caution","normal")) -> alert | Z10: =IF(W10="No signs","No meaningful deviation from own baseline during the live shift.","Deviation from own baseline: "&IF(U10="Elevated","pressure peaked "&TEXT(S10,"0.0")&" SD above own normal ("&Q10&" elevated readings)","")&IF(AND(U10="Elevated",V10="Elevated"),"; ","")&IF(V10="Elevated","temperature peaked "&TEXT(T10,"0.0")&" SD above own normal ("&R10&" elevated readings)","")&". "&O10&" alert and "&N10&" caution readings.") -> Deviation from own baseline: pressure peaked 5.1 SD above own normal (18 elevated readings). 3 alert and 15 caution readings.
A11: NURSE-07 | B11: Long standing stretches with pressure and temperature rising together | C11: Both | D11: 48 | E11: 2.89 | F11: 18.45 | G11: 1.91 | H11: 34.58 | I11: 2.63 | J11: 33.46 | K11: 0.61 | L11: =COUNTIFS(Readings!$A$2:$A$2001,$A11,Readings!$C$2:$C$2001,"Live") -> 140 | M11: =COUNTIFS(Readings!$A$2:$A$2001,$A11,Readings!$C$2:$C$2001,"Live",Readings!$N$2:$N$2001,"normal") -> 93 | N11: =COUNTIFS(Readings!$A$2:$A$2001,$A11,Readings!$C$2:$C$2001,"Live",Readings!$N$2:$N$2001,"caution") -> 3 | O11: =COUNTIFS(Readings!$A$2:$A$2001,$A11,Readings!$C$2:$C$2001,"Live",Readings!$N$2:$N$2001,"alert") -> 44 | P11: =IF(L11=0,0,(N11+O11)/L11) -> 0.33571429 | Q11: =COUNTIFS(Readings!$A$2:$A$2001,$A11,Readings!$C$2:$C$2001,"Live",Readings!$M$2:$M$2001,">="&$B$2) -> 47 | R11: =COUNTIFS(Readings!$A$2:$A$2001,$A11,Readings!$C$2:$C$2001,"Live",Readings!$L$2:$L$2001,">="&$B$2) -> 44 | S11: =_xlfn.MAXIFS(Readings!$M$2:$M$2001,Readings!$A$2:$A$2001,$A11,Readings!$C$2:$C$2001,"Live") -> 6.4013841 | T11: =_xlfn.MAXIFS(Readings!$L$2:$L$2001,Readings!$A$2:$A$2001,$A11,Readings!$C$2:$C$2001,"Live") -> 6.295082 | U11: =IF(Q11>=$D$2,"Elevated","Normal") -> Elevated | V11: =IF(R11>=$D$2,"Elevated","Normal") -> Elevated | W11: =IF(AND(U11="Elevated",V11="Elevated"),"Both",IF(U11="Elevated","Pressure only",IF(V11="Elevated","Temperature only","No signs"))) -> Both | X11: =IF(W11=C11,"Yes","CHECK") -> Yes | Y11: =IF(O11>0,"alert",IF(N11>0,"caution","normal")) -> alert | Z11: =IF(W11="No signs","No meaningful deviation from own baseline during the live shift.","Deviation from own baseline: "&IF(U11="Elevated","pressure peaked "&TEXT(S11,"0.0")&" SD above own normal ("&Q11&" elevated readings)","")&IF(AND(U11="Elevated",V11="Elevated"),"; ","")&IF(V11="Elevated","temperature peaked "&TEXT(T11,"0.0")&" SD above own normal ("&R11&" elevated readings)","")&". "&O11&" alert and "&N11&" caution readings.") -> Deviation from own baseline: pressure peaked 6.4 SD above own normal (47 elevated readings); temperature peaked 6.3 SD above own normal (44 elevated readings). 44 alert and 3 caution readings.
A12: NURSE-08 | B12: Stable all shift, stays within own normal | C12: No signs | D12: 38.02 | E12: 2.8 | F12: 17.55 | G12: 1.97 | H12: 31.04 | I12: 2.94 | J12: 32.81 | K12: 0.58 | L12: =COUNTIFS(Readings!$A$2:$A$2001,$A12,Readings!$C$2:$C$2001,"Live") -> 140 | M12: =COUNTIFS(Readings!$A$2:$A$2001,$A12,Readings!$C$2:$C$2001,"Live",Readings!$N$2:$N$2001,"normal") -> 140 | N12: =COUNTIFS(Readings!$A$2:$A$2001,$A12,Readings!$C$2:$C$2001,"Live",Readings!$N$2:$N$2001,"caution") -> 0 | O12: =COUNTIFS(Readings!$A$2:$A$2001,$A12,Readings!$C$2:$C$2001,"Live",Readings!$N$2:$N$2001,"alert") -> 0 | P12: =IF(L12=0,0,(N12+O12)/L12) -> 0 | Q12: =COUNTIFS(Readings!$A$2:$A$2001,$A12,Readings!$C$2:$C$2001,"Live",Readings!$M$2:$M$2001,">="&$B$2) -> 0 | R12: =COUNTIFS(Readings!$A$2:$A$2001,$A12,Readings!$C$2:$C$2001,"Live",Readings!$L$2:$L$2001,">="&$B$2) -> 0 | S12: =_xlfn.MAXIFS(Readings!$M$2:$M$2001,Readings!$A$2:$A$2001,$A12,Readings!$C$2:$C$2001,"Live") -> 1.7785714 | T12: =_xlfn.MAXIFS(Readings!$L$2:$L$2001,Readings!$A$2:$A$2001,$A12,Readings!$C$2:$C$2001,"Live") -> 1.7068966 | U12: =IF(Q12>=$D$2,"Elevated","Normal") -> Normal | V12: =IF(R12>=$D$2,"Elevated","Normal") -> Normal | W12: =IF(AND(U12="Elevated",V12="Elevated"),"Both",IF(U12="Elevated","Pressure only",IF(V12="Elevated","Temperature only","No signs"))) -> No signs | X12: =IF(W12=C12,"Yes","CHECK") -> Yes | Y12: =IF(O12>0,"alert",IF(N12>0,"caution","normal")) -> normal | Z12: =IF(W12="No signs","No meaningful deviation from own baseline during the live shift.","Deviation from own baseline: "&IF(U12="Elevated","pressure peaked "&TEXT(S12,"0.0")&" SD above own normal ("&Q12&" elevated readings)","")&IF(AND(U12="Elevated",V12="Elevated"),"; ","")&IF(V12="Elevated","temperature peaked "&TEXT(T12,"0.0")&" SD above own normal ("&R12&" elevated readings)","")&". "&O12&" alert and "&N12&" caution readings.") -> No meaningful deviation from own baseline during the live shift.
A13: NURSE-09 | B13: Foot temperature drifts upward through the second half of the shift; pressure normal | C13: Temperature only | D13: 40.87 | E13: 2.9 | F13: 18.02 | G13: 2.02 | H13: 30.83 | I13: 3.22 | J13: 33.08 | K13: 0.61 | L13: =COUNTIFS(Readings!$A$2:$A$2001,$A13,Readings!$C$2:$C$2001,"Live") -> 140 | M13: =COUNTIFS(Readings!$A$2:$A$2001,$A13,Readings!$C$2:$C$2001,"Live",Readings!$N$2:$N$2001,"normal") -> 85 | N13: =COUNTIFS(Readings!$A$2:$A$2001,$A13,Readings!$C$2:$C$2001,"Live",Readings!$N$2:$N$2001,"caution") -> 55 | O13: =COUNTIFS(Readings!$A$2:$A$2001,$A13,Readings!$C$2:$C$2001,"Live",Readings!$N$2:$N$2001,"alert") -> 0 | P13: =IF(L13=0,0,(N13+O13)/L13) -> 0.39285714 | Q13: =COUNTIFS(Readings!$A$2:$A$2001,$A13,Readings!$C$2:$C$2001,"Live",Readings!$M$2:$M$2001,">="&$B$2) -> 0 | R13: =COUNTIFS(Readings!$A$2:$A$2001,$A13,Readings!$C$2:$C$2001,"Live",Readings!$L$2:$L$2001,">="&$B$2) -> 55 | S13: =_xlfn.MAXIFS(Readings!$M$2:$M$2001,Readings!$A$2:$A$2001,$A13,Readings!$C$2:$C$2001,"Live") -> 1.970297 | T13: =_xlfn.MAXIFS(Readings!$L$2:$L$2001,Readings!$A$2:$A$2001,$A13,Readings!$C$2:$C$2001,"Live") -> 5.7704918 | U13: =IF(Q13>=$D$2,"Elevated","Normal") -> Normal | V13: =IF(R13>=$D$2,"Elevated","Normal") -> Elevated | W13: =IF(AND(U13="Elevated",V13="Elevated"),"Both",IF(U13="Elevated","Pressure only",IF(V13="Elevated","Temperature only","No signs"))) -> Temperature only | X13: =IF(W13=C13,"Yes","CHECK") -> Yes | Y13: =IF(O13>0,"alert",IF(N13>0,"caution","normal")) -> caution | Z13: =IF(W13="No signs","No meaningful deviation from own baseline during the live shift.","Deviation from own baseline: "&IF(U13="Elevated","pressure peaked "&TEXT(S13,"0.0")&" SD above own normal ("&Q13&" elevated readings)","")&IF(AND(U13="Elevated",V13="Elevated"),"; ","")&IF(V13="Elevated","temperature peaked "&TEXT(T13,"0.0")&" SD above own normal ("&R13&" elevated readings)","")&". "&O13&" alert and "&N13&" caution readings.") -> Deviation from own baseline: temperature peaked 5.8 SD above own normal (55 elevated readings). 0 alert and 55 caution readings.
A14: NURSE-10 | B14: Mild rise in both pressure and temperature | C14: Both | D14: 42.98 | E14: 2.87 | F14: 20.29 | G14: 2.05 | H14: 29.87 | I14: 3.04 | J14: 32.98 | K14: 0.59 | L14: =COUNTIFS(Readings!$A$2:$A$2001,$A14,Readings!$C$2:$C$2001,"Live") -> 140 | M14: =COUNTIFS(Readings!$A$2:$A$2001,$A14,Readings!$C$2:$C$2001,"Live",Readings!$N$2:$N$2001,"normal") -> 122 | N14: =COUNTIFS(Readings!$A$2:$A$2001,$A14,Readings!$C$2:$C$2001,"Live",Readings!$N$2:$N$2001,"caution") -> 7 | O14: =COUNTIFS(Readings!$A$2:$A$2001,$A14,Readings!$C$2:$C$2001,"Live",Readings!$N$2:$N$2001,"alert") -> 11 | P14: =IF(L14=0,0,(N14+O14)/L14) -> 0.12857143 | Q14: =COUNTIFS(Readings!$A$2:$A$2001,$A14,Readings!$C$2:$C$2001,"Live",Readings!$M$2:$M$2001,">="&$B$2) -> 17 | R14: =COUNTIFS(Readings!$A$2:$A$2001,$A14,Readings!$C$2:$C$2001,"Live",Readings!$L$2:$L$2001,">="&$B$2) -> 13 | S14: =_xlfn.MAXIFS(Readings!$M$2:$M$2001,Readings!$A$2:$A$2001,$A14,Readings!$C$2:$C$2001,"Live") -> 4.0487805 | T14: =_xlfn.MAXIFS(Readings!$L$2:$L$2001,Readings!$A$2:$A$2001,$A14,Readings!$C$2:$C$2001,"Live") -> 3.9322034 | U14: =IF(Q14>=$D$2,"Elevated","Normal") -> Elevated | V14: =IF(R14>=$D$2,"Elevated","Normal") -> Elevated | W14: =IF(AND(U14="Elevated",V14="Elevated"),"Both",IF(U14="Elevated","Pressure only",IF(V14="Elevated","Temperature only","No signs"))) -> Both | X14: =IF(W14=C14,"Yes","CHECK") -> Yes | Y14: =IF(O14>0,"alert",IF(N14>0,"caution","normal")) -> alert | Z14: =IF(W14="No signs","No meaningful deviation from own baseline during the live shift.","Deviation from own baseline: "&IF(U14="Elevated","pressure peaked "&TEXT(S14,"0.0")&" SD above own normal ("&Q14&" elevated readings)","")&IF(AND(U14="Elevated",V14="Elevated"),"; ","")&IF(V14="Elevated","temperature peaked "&TEXT(T14,"0.0")&" SD above own normal ("&R14&" elevated readings)","")&". "&O14&" alert and "&N14&" caution readings.") -> Deviation from own baseline: pressure peaked 4.0 SD above own normal (17 elevated readings); temperature peaked 3.9 SD above own normal (13 elevated readings). 11 alert and 7 caution readings.
A17: Cohort overview
A18: Nurses in cohort | B18: =COUNTA(A5:A14) -> 10
A19: No signs | B19: =COUNTIF(W5:W14,"No signs") -> 3
A20: Pressure only | B20: =COUNTIF(W5:W14,"Pressure only") -> 2
A21: Temperature only | B21: =COUNTIF(W5:W14,"Temperature only") -> 2
A22: Both pressure and temperature | B22: =COUNTIF(W5:W14,"Both") -> 3
A23: Detected category matches design | B23: =COUNTIF(X5:X14,"Yes")&" of "&COUNTA(A5:A14) -> 10 of 10
A24: Total caution readings | B24: =SUM(N5:N14) -> 115
A25: Total alert readings | B25: =SUM(O5:O14) -> 81

Sheet Readings
A1: Nurse ID | B1: Timestamp | C1: Phase | D1: Heel pressure | E1: Midfoot pressure | F1: Toe pressure | G1: Temperature (°C) | H1: Motion state | I1: Heel deviation (SD) | J1: Midfoot deviation (SD) | K1: Toe deviation (SD) | L1: Temp deviation (SD) | M1: Max pressure deviation (SD) | N1: Risk level (ML module) | O1: Reason (ML module) | P1: Lookup key
A2: NURSE-01 | B2: 46303.292 | C2: Calibration | D2: 38.2 | E2: 16.1 | F2: 31.5 | G2: 32.1 | H2: sitting | I2: =(D2-INDEX('Cohort Summary'!$D$5:$D$14,MATCH($A2,'Cohort Summary'!$A$5:$A$14,0)))/INDEX('Cohort Summary'!$E$5:$E$14,MATCH($A2,'Cohort Summary'!$A$5:$A$14,0)) -> -0.58842444 | J2: =(E2-INDEX('Cohort Summary'!$F$5:$F$14,MATCH($A2,'Cohort Summary'!$A$5:$A$14,0)))/INDEX('Cohort Summary'!$G$5:$G$14,MATCH($A2,'Cohort Summary'!$A$5:$A$14,0)) -> -1.2525773 | K2: =(F2-INDEX('Cohort Summary'!$H$5:$H$14,MATCH($A2,'Cohort Summary'!$A$5:$A$14,0)))/INDEX('Cohort Summary'!$I$5:$I$14,MATCH($A2,'Cohort Summary'!$A$5:$A$14,0)) -> 0.48627451 | L2: =(G2-INDEX('Cohort Summary'!$J$5:$J$14,MATCH($A2,'Cohort Summary'!$A$5:$A$14,0)))/INDEX('Cohort Summary'!$K$5:$K$14,MATCH($A2,'Cohort Summary'!$A$5:$A$14,0)) -> -1.5272727 | M2: =MAX(I2:K2) -> 0.48627451 | N2: normal | P2: =A2&"|"&N2 -> NURSE-01|normal
A3: NURSE-01 | B3: 46303.292 | C3: Calibration | D3: 35.9 | E3: 19.1 | F3: 34.1 | G3: 32.4 | H3: standing | I3: =(D3-INDEX('Cohort Summary'!$D$5:$D$14,MATCH($A3,'Cohort Summary'!$A$5:$A$14,0)))/INDEX('Cohort Summary'!$E$5:$E$14,MATCH($A3,'Cohort Summary'!$A$5:$A$14,0)) -> -1.3279743 | J3: =(E3-INDEX('Cohort Summary'!$F$5:$F$14,MATCH($A3,'Cohort Summary'!$A$5:$A$14,0)))/INDEX('Cohort Summary'!$G$5:$G$14,MATCH($A3,'Cohort Summary'!$A$5:$A$14,0)) -> 0.29381443 | K3: =(F3-INDEX('Cohort Summary'!$H$5:$H$14,MATCH($A3,'Cohort Summary'!$A$5:$A$14,0)))/INDEX('Cohort Summary'!$I$5:$I$14,MATCH($A3,'Cohort Summary'!$A$5:$A$14,0)) -> 1.5058824 | L3: =(G3-INDEX('Cohort Summary'!$J$5:$J$14,MATCH($A3,'Cohort Summary'!$A$5:$A$14,0)))/INDEX('Cohort Summary'!$K$5:$K$14,MATCH($A3,'Cohort Summary'!$A$5:$A$14,0)) -> -0.98181818 | M3: =MAX(I3:K3) -> 1.5058824 | N3: normal | P3: =A3&"|"&N3 -> NURSE-01|normal
A4: NURSE-01 | B4: 46303.292 | C4: Calibration | D4: 39.3 | E4: 15.5 | F4: 25.9 | G4: 32.8 | H4: sitting | I4: =(D4-INDEX('Cohort Summary'!$D$5:$D$14,MATCH($A4,'Cohort Summary'!$A$5:$A$14,0)))/INDEX('Cohort Summary'!$E$5:$E$14,MATCH($A4,'Cohort Summary'!$A$5:$A$14,0)) -> -0.23472669 | J4: =(E4-INDEX('Cohort Summary'!$F$5:$F$14,MATCH($A4,'Cohort Summary'!$A$5:$A$14,0)))/INDEX('Cohort Summary'!$G$5:$G$14,MATCH($A4,'Cohort Summary'!$A$5:$A$14,0)) -> -1.5618557 | K4: =(F4-INDEX('Cohort Summary'!$H$5:$H$14,MATCH($A4,'Cohort Summary'!$A$5:$A$14,0)))/INDEX('Cohort Summary'!$I$5:$I$14,MATCH($A4,'Cohort Summary'!$A$5:$A$14,0)) -> -1.7098039 | L4: =(G4-INDEX('Cohort Summary'!$J$5:$J$14,MATCH($A4,'Cohort Summary'!$A$5:$A$14,0)))/INDEX('Cohort Summary'!$K$5:$K$14,MATCH($A4,'Cohort Summary'!$A$5:$A$14,0)) -> -0.25454545 | M4: =MAX(I4:K4) -> -0.23472669 | N4: normal | P4: =A4&"|"&N4 -> NURSE-01|normal
A5: NURSE-01 | B5: 46303.293 | C5: Calibration | D5: 36.2 | E5: 16.6 | F5: 31.3 | G5: 33.9 | H5: sitting | I5: =(D5-INDEX('Cohort Summary'!$D$5:$D$14,MATCH($A5,'Cohort Summary'!$A$5:$A$14,0)))/INDEX('Cohort Summary'!$E$5:$E$14,MATCH($A5,'Cohort Summary'!$A$5:$A$14,0)) -> -1.2315113 | J5: =(E5-INDEX('Cohort Summary'!$F$5:$F$14,MATCH($A5,'Cohort Summary'!$A$5:$A$14,0)))/INDEX('Cohort Summary'!$G$5:$G$14,MATCH($A5,'Cohort Summary'!$A$5:$A$14,0)) -> -0.99484536 | K5: =(F5-INDEX('Cohort Summary'!$H$5:$H$14,MATCH($A5,'Cohort Summary'!$A$5:$A$14,0)))/INDEX('Cohort Summary'!$I$5:$I$14,MATCH($A5,'Cohort Summary'!$A$5:$A$14,0)) -> 0.40784314 | L5: =(G5-INDEX('Cohort Summary'!$J$5:$J$14,MATCH($A5,'Cohort Summary'!$A$5:$A$14,0)))/INDEX('Cohort Summary'!$K$5:$K$14,MATCH($A5,'Cohort Summary'!$A$5:$A$14,0)) -> 1.7454545 | M5: =MAX(I5:K5) -> 0.40784314 | N5: normal | P5: =A5&"|"&N5 -> NURSE-01|normal
A6: NURSE-01 | B6: 46303.293 | C6: Calibration | D6: 40.9 | E6: 15.3 | F6: 27.2 | G6: 33.1 | H6: standing | I6: =(D6-INDEX('Cohort Summary'!$D$5:$D$14,MATCH($A6,'Cohort Summary'!$A$5:$A$14,0)))/INDEX('Cohort Summary'!$E$5:$E$14,MATCH($A6,'Cohort Summary'!$A$5:$A$14,0)) -> 0.27974277 | J6: =(E6-INDEX('Cohort Summary'!$F$5:$F$14,MATCH($A6,'Cohort Summary'!$A$5:$A$14,0)))/INDEX('Cohort Summary'!$G$5:$G$14,MATCH($A6,'Cohort Summary'!$A$5:$A$14,0)) -> -1.6649485 | K6: =(F6-INDEX('Cohort Summary'!$H$5:$H$14,MATCH($A6,'Cohort Summary'!$A$5:$A$14,0)))/INDEX('Cohort Summary'!$I$5:$I$14,MATCH($A6,'Cohort Summary'!$A$5:$A$14,0)) -> -1.2 | L6: =(G6-INDEX('Cohort Summary'!$J$5:$J$14,MATCH($A6,'Cohort Summary'!$A$5:$A$14,0)))/INDEX('Cohort Summary'!$K$5:$K$14,MATCH($A6,'Cohort Summary'!$A$5:$A$14,0)) -> 0.29090909 | M6: =MAX(I6:K6) -> 0.27974277 | N6: normal | P6: =A6&"|"&N6 -> NURSE-01|normal
A7: NURSE-01 | B7: 46303.293 | C7: Calibration | D7: 37.9 | E7: 16 | F7: 26.2 | G7: 32.6 | H7: sitting | I7: =(D7-INDEX('Cohort Summary'!$D$5:$D$14,MATCH($A7,'Cohort Summary'!$A$5:$A$14,0)))/INDEX('Cohort Summary'!$E$5:$E$14,MATCH($A7,'Cohort Summary'!$A$5:$A$14,0)) -> -0.68488746 | J7: =(E7-INDEX('Cohort Summary'!$F$5:$F$14,MATCH($A7,'Cohort Summary'!$A$5:$A$14,0)))/INDEX('Cohort Summary'!$G$5:$G$14,MATCH($A7,'Cohort Summary'!$A$5:$A$14,0)) -> -1.3041237 | K7: =(F7-INDEX('Cohort Summary'!$H$5:$H$14,MATCH($A7,'Cohort Summary'!$A$5:$A$14,0)))/INDEX('Cohort Summary'!$I$5:$I$14,MATCH($A7,'Cohort Summary'!$A$5:$A$14,0)) -> -1.5921569 | L7: =(G7-INDEX('Cohort Summary'!$J$5:$J$14,MATCH($A7,'Cohort Summary'!$A$5:$A$14,0)))/INDEX('Cohort Summary'!$K$5:$K$14,MATCH($A7,'Cohort Summary'!$A$5:$A$14,0)) -> -0.61818182 | M7: =MAX(I7:K7) -> -0.68488746 | N7: normal | P7: =A7&"|"&N7 -> NURSE-01|normal
A8: NURSE-01 | B8: 46303.294 | C8: Calibration | D8: 36.8 | E8: 19.1 | F8: 31.4 | G8: 32.7 | H8: sitting | I8: =(D8-INDEX('Cohort Summary'!$D$5:$D$14,MATCH($A8,'Cohort Summary'!$A$5:$A$14,0)))/INDEX('Cohort Summary'!$E$5:$E$14,MATCH($A8,'Cohort Summary'!$A$5:$A$14,0)) -> -1.0385852 | J8: =(E8-INDEX('Cohort Summary'!$F$5:$F$14,MATCH($A8,'Cohort Summary'!$A$5:$A$14,0)))/INDEX('Cohort Summary'!$G$5:$G$14,MATCH($A8,'Cohort Summary'!$A$5:$A$14,0)) -> 0.29381443 | K8: =(F8-INDEX('Cohort Summary'!$H$5:$H$14,MATCH($A8,'Cohort Summary'!$A$5:$A$14,0)))/INDEX('Cohort Summary'!$I$5:$I$14,MATCH($A8,'Cohort Summary'!$A$5:$A$14,0)) -> 0.44705882 | L8: =(G8-INDEX('Cohort Summary'!$J$5:$J$14,MATCH($A8,'Cohort Summary'!$A$5:$A$14,0)))/INDEX('Cohort Summary'!$K$5:$K$14,MATCH($A8,'Cohort Summary'!$A$5:$A$14,0)) -> -0.43636364 | M8: =MAX(I8:K8) -> 0.44705882 | N8: normal | P8: =A8&"|"&N8 -> NURSE-01|normal
A9: NURSE-01 | B9: 46303.294 | C9: Calibration | D9: 42.1 | E9: 19 | F9: 31.2 | G9: 33 | H9: sitting | I9: =(D9-INDEX('Cohort Summary'!$D$5:$D$14,MATCH($A9,'Cohort Summary'!$A$5:$A$14,0)))/INDEX('Cohort Summary'!$E$5:$E$14,MATCH($A9,'Cohort Summary'!$A$5:$A$14,0)) -> 0.66559486 | J9: =(E9-INDEX('Cohort Summary'!$F$5:$F$14,MATCH($A9,'Cohort Summary'!$A$5:$A$14,0)))/INDEX('Cohort Summary'!$G$5:$G$14,MATCH($A9,'Cohort Summary'!$A$5:$A$14,0)) -> 0.24226804 | K9: =(F9-INDEX('Cohort Summary'!$H$5:$H$14,MATCH($A9,'Cohort Summary'!$A$5:$A$14,0)))/INDEX('Cohort Summary'!$I$5:$I$14,MATCH($A9,'Cohort Summary'!$A$5:$A$14,0)) -> 0.36862745 | L9: =(G9-INDEX('Cohort Summary'!$J$5:$J$14,MATCH($A9,'Cohort Summary'!$A$5:$A$14,0)))/INDEX('Cohort Summary'!$K$5:$K$14,MATCH($A9,'Cohort Summary'!$A$5:$A$14,0)) -> 0.10909091 | M9: =MAX(I9:K9) -> 0.66559486 | N9: normal | P9: =A9&"|"&N9 -> NURSE-01|normal
A10: NURSE-01 | B10: 46303.294 | C10: Calibration | D10: 39.3 | E10: 17.2 | F10: 30.9 | G10: 32.9 | H10: walking | I10: =(D10-INDEX('Cohort Summary'!$D$5:$D$14,MATCH($A10,'Cohort Summary'!$A$5:$A$14,0)))/INDEX('Cohort Summary'!$E$5:$E$14,MATCH($A10,'Cohort Summary'!$A$5:$A$14,0)) -> -0.23472669 | J10: =(E10-INDEX('Cohort Summary'!$F$5:$F$14,MATCH($A10,'Cohort Summary'!$A$5:$A$14,0)))/INDEX('Cohort Summary'!$G$5:$G$14,MATCH($A10,'Cohort Summary'!$A$5:$A$14,0)) -> -0.68556701 | K10: =(F10-INDEX('Cohort Summary'!$H$5:$H$14,MATCH($A10,'Cohort Summary'!$A$5:$A$14,0)))/INDEX('Cohort Summary'!$I$5:$I$14,MATCH($A10,'Cohort Summary'!$A$5:$A$14,0)) -> 0.25098039 | L10: =(G10-INDEX('Cohort Summary'!$J$5:$J$14,MATCH($A10,'Cohort Summary'!$A$5:$A$14,0)))/INDEX('Cohort Summary'!$K$5:$K$14,MATCH($A10,'Cohort Summary'!$A$5:$A$14,0)) -> -0.072727273 | M10: =MAX(I10:K10) -> 0.25098039 | N10: normal | P10: =A10&"|"&N10 -> NURSE-01|normal
A11: NURSE-01 | B11: 46303.295 | C11: Calibration | D11: 37.5 | E11: 16.3 | F11: 32.8 | G11: 32.2 | H11: walking | I11: =(D11-INDEX('Cohort Summary'!$D$5:$D$14,MATCH($A11,'Cohort Summary'!$A$5:$A$14,0)))/INDEX('Cohort Summary'!$E$5:$E$14,MATCH($A11,'Cohort Summary'!$A$5:$A$14,0)) -> -0.81350482 | J11: =(E11-INDEX('Cohort Summary'!$F$5:$F$14,MATCH($A11,'Cohort Summary'!$A$5:$A$14,0)))/INDEX('Cohort Summary'!$G$5:$G$14,MATCH($A11,'Cohort Summary'!$A$5:$A$14,0)) -> -1.1494845 | K11: =(F11-INDEX('Cohort Summary'!$H$5:$H$14,MATCH($A11,'Cohort Summary'!$A$5:$A$14,0)))/INDEX('Cohort Summary'!$I$5:$I$14,MATCH($A11,'Cohort Summary'!$A$5:$A$14,0)) -> 0.99607843 | L11: =(G11-INDEX('Cohort Summary'!$J$5:$J$14,MATCH($A11,'Cohort Summary'!$A$5:$A$14,0)))/INDEX('Cohort Summary'!$K$5:$K$14,MATCH($A11,'Cohort Summary'!$A$5:$A$14,0)) -> -1.3454545 | M11: =MAX(I11:K11) -> 0.99607843 | N11: normal | P11: =A11&"|"&N11 -> NURSE-01|normal
A12: NURSE-01 | B12: 46303.295 | C12: Calibration | D12: 40.3 | E12: 21.1 | F12: 32.3 | G12: 32.6 | H12: standing | I12: =(D12-INDEX('Cohort Summary'!$D$5:$D$14,MATCH($A12,'Cohort Summary'!$A$5:$A$14,0)))/INDEX('Cohort Summary'!$E$5:$E$14,MATCH($A12,'Cohort Summary'!$A$5:$A$14,0)) -> 0.08681672 | J12: =(E12-INDEX('Cohort Summary'!$F$5:$F$14,MATCH($A12,'Cohort Summary'!$A$5:$A$14,0)))/INDEX('Cohort Summary'!$G$5:$G$14,MATCH($A12,'Cohort Summary'!$A$5:$A$14,0)) -> 1.3247423 | K12: =(F12-INDEX('Cohort Summary'!$H$5:$H$14,MATCH($A12,'Cohort Summary'!$A$5:$A$14,0)))/INDEX('Cohort Summary'!$I$5:$I$14,MATCH($A12,'Cohort Summary'!$A$5:$A$14,0)) -> 0.8 | L12: =(G12-INDEX('Cohort Summary'!$J$5:$J$14,MATCH($A12,'Cohort Summary'!$A$5:$A$14,0)))/INDEX('Cohort Summary'!$K$5:$K$14,MATCH($A12,'Cohort Summary'!$A$5:$A$14,0)) -> -0.61818182 | M12: =MAX(I12:K12) -> 1.3247423 | N12: normal | P12: =A12&"|"&N12 -> NURSE-01|normal
A13: NURSE-01 | B13: 46303.295 | C13: Calibration | D13: 36.2 | E13: 17.9 | F13: 32.6 | G13: 32.3 | H13: walking | I13: =(D13-INDEX('Cohort Summary'!$D$5:$D$14,MATCH($A13,'Cohort Summary'!$A$5:$A$14,0)))/INDEX('Cohort Summary'!$E$5:$E$14,MATCH($A13,'Cohort Summary'!$A$5:$A$14,0)) -> -1.2315113 | J13: =(E13-INDEX('Cohort Summary'!$F$5:$F$14,MATCH($A13,'Cohort Summary'!$A$5:$A$14,0)))/INDEX('Cohort Summary'!$G$5:$G$14,MATCH($A13,'Cohort Summary'!$A$5:$A$14,0)) -> -0.32474227 | K13: =(F13-INDEX('Cohort Summary'!$H$5:$H$14,MATCH($A13,'Cohort Summary'!$A$5:$A$14,0)))/INDEX('Cohort Summary'!$I$5:$I$14,MATCH($A13,'Cohort Summary'!$A$5:$A$14,0)) -> 0.91764706 | L13: =(G13-INDEX('Cohort Summary'!$J$5:$J$14,MATCH($A13,'Cohort Summary'!$A$5:$A$14,0)))/INDEX('Cohort Summary'!$K$5:$K$14,MATCH($A13,'Cohort Summary'!$A$5:$A$14,0)) -> -1.1636364 | M13: =MAX(I13:K13) -> 0.91764706 | N13: normal | P13: =A13&"|"&N13 -> NURSE-01|normal
... A274: NURSE-02 | B274: 46303.317 | C274: Live | D274: 49.1 | E274: 17.8 | F274: 36 | G274: 32.8 | H274: standing | I274: =(D274-INDEX('Cohort Summary'!$D$5:$D$14,MATCH($A274,'Cohort Summary'!$A$5:$A$14,0)))/INDEX('Cohort Summary'!$E$5:$E$14,MATCH($A274,'Cohort Summary'!$A$5:$A$14,0)) -> 1.6226994 | J274: =(E274-INDEX('Cohort Summary'!$F$5:$F$14,MATCH($A274,'Cohort Summary'!$A$5:$A$14,0)))/INDEX('Cohort Summary'!$G$5:$G$14,MATCH($A274,'Cohort Summary'!$A$5:$A$14,0)) -> -0.58962264 | K274: =(F274-INDEX('Cohort Summary'!$H$5:$H$14,MATCH($A274,'Cohort Summary'!$A$5:$A$14,0)))/INDEX('Cohort Summary'!$I$5:$I$14,MATCH($A274,'Cohort Summary'!$A$5:$A$14,0)) -> 1.207483 | L274: =(G274-INDEX('Cohort Summary'!$J$5:$J$14,MATCH($A274,'Cohort Summary'!$A$5:$A$14,0)))/INDEX('Cohort Summary'!$K$5:$K$14,MATCH($A274,'Cohort Summary'!$A$5:$A$14,0)) -> -0.046875 | M274: =MAX(I274:K274) -> 1.6226994 | N274: normal | P274: =A274&"|"&N274 -> NURSE-02|normal
A275: NURSE-02 | B275: 46303.317 | C275: Live | D275: 56.8 | E275: 20.4 | F275: 36.4 | G275: 32.1 | H275: standing | I275: =(D275-INDEX('Cohort Summary'!$D$5:$D$14,MATCH($A275,'Cohort Summary'!$A$5:$A$14,0)))/INDEX('Cohort Summary'!$E$5:$E$14,MATCH($A275,'Cohort Summary'!$A$5:$A$14,0)) -> 3.9846626 | J275: =(E275-INDEX('Cohort Summary'!$F$5:$F$14,MATCH($A275,'Cohort Summary'!$A$5:$A$14,0)))/INDEX('Cohort Summary'!$G$5:$G$14,MATCH($A275,'Cohort Summary'!$A$5:$A$14,0)) -> 0.63679245 | K275: =(F275-INDEX('Cohort Summary'!$H$5:$H$14,MATCH($A275,'Cohort Summary'!$A$5:$A$14,0)))/INDEX('Cohort Summary'!$I$5:$I$14,MATCH($A275,'Cohort Summary'!$A$5:$A$14,0)) -> 1.3435374 | L275: =(G275-INDEX('Cohort Summary'!$J$5:$J$14,MATCH($A275,'Cohort Summary'!$A$5:$A$14,0)))/INDEX('Cohort Summary'!$K$5:$K$14,MATCH($A275,'Cohort Summary'!$A$5:$A$14,0)) -> -1.140625 | M275: =MAX(I275:K275) -> 3.9846626 | N275: caution | O275: heel pressure 4.0 SD above personal baseline | P275: =A275&"|"&N275 -> NURSE-02|caution
A276: NURSE-02 | B276: 46303.317 | C276: Live | D276: 54.5 | E276: 21.3 | F276: 33.5 | G276: 32.5 | H276: standing | I276: =(D276-INDEX('Cohort Summary'!$D$5:$D$14,MATCH($A276,'Cohort Summary'!$A$5:$A$14,0)))/INDEX('Cohort Summary'!$E$5:$E$14,MATCH($A276,'Cohort Summary'!$A$5:$A$14,0)) -> 3.2791411 | J276: =(E276-INDEX('Cohort Summary'!$F$5:$F$14,MATCH($A276,'Cohort Summary'!$A$5:$A$14,0)))/INDEX('Cohort Summary'!$G$5:$G$14,MATCH($A276,'Cohort Summary'!$A$5:$A$14,0)) -> 1.0613208 | K276: =(F276-INDEX('Cohort Summary'!$H$5:$H$14,MATCH($A276,'Cohort Summary'!$A$5:$A$14,0)))/INDEX('Cohort Summary'!$I$5:$I$14,MATCH($A276,'Cohort Summary'!$A$5:$A$14,0)) -> 0.35714286 | L276: =(G276-INDEX('Cohort Summary'!$J$5:$J$14,MATCH($A276,'Cohort Summary'!$A$5:$A$14,0)))/INDEX('Cohort Summary'!$K$5:$K$14,MATCH($A276,'Cohort Summary'!$A$5:$A$14,0)) -> -0.515625 | M276: =MAX(I276:K276) -> 3.2791411 | N276: caution | O276: heel pressure 3.3 SD above personal baseline | P276: =A276&"|"&N276 -> NURSE-02|caution
A277: NURSE-02 | B277: 46303.318 | C277: Live | D277: 52.2 | E277: 22.1 | F277: 31.5 | G277: 32.9 | H277: standing | I277: =(D277-INDEX('Cohort Summary'!$D$5:$D$14,MATCH($A277,'Cohort Summary'!$A$5:$A$14,0)))/INDEX('Cohort Summary'!$E$5:$E$14,MATCH($A277,'Cohort Summary'!$A$5:$A$14,0)) -> 2.5736196 | J277: =(E277-INDEX('Cohort Summary'!$F$5:$F$14,MATCH($A277,'Cohort Summary'!$A$5:$A$14,0)))/INDEX('Cohort Summary'!$G$5:$G$14,MATCH($A277,'Cohort Summary'!$A$5:$A$14,0)) -> 1.4386792 | K277: =(F277-INDEX('Cohort Summary'!$H$5:$H$14,MATCH($A277,'Cohort Summary'!$A$5:$A$14,0)))/INDEX('Cohort Summary'!$I$5:$I$14,MATCH($A277,'Cohort Summary'!$A$5:$A$14,0)) -> -0.32312925 | L277: =(G277-INDEX('Cohort Summary'!$J$5:$J$14,MATCH($A277,'Cohort Summary'!$A$5:$A$14,0)))/INDEX('Cohort Summary'!$K$5:$K$14,MATCH($A277,'Cohort Summary'!$A$5:$A$14,0)) -> 0.109375 | M277: =MAX(I277:K277) -> 2.5736196 | N277: caution | O277: heel pressure 2.6 SD above personal baseline | P277: =A277&"|"&N277 -> NURSE-02|caution
A278: NURSE-02 | B278: 46303.318 | C278: Live | D278: 48.7 | E278: 19.1 | F278: 34.7 | G278: 33 | H278: standing | I278: =(D278-INDEX('Cohort Summary'!$D$5:$D$14,MATCH($A278,'Cohort Summary'!$A$5:$A$14,0)))/INDEX('Cohort Summary'!$E$5:$E$14,MATCH($A278,'Cohort Summary'!$A$5:$A$14,0)) -> 1.5 | J278: =(E278-INDEX('Cohort Summary'!$F$5:$F$14,MATCH($A278,'Cohort Summary'!$A$5:$A$14,0)))/INDEX('Cohort Summary'!$G$5:$G$14,MATCH($A278,'Cohort Summary'!$A$5:$A$14,0)) -> 0.023584906 | K278: =(F278-INDEX('Cohort Summary'!$H$5:$H$14,MATCH($A278,'Cohort Summary'!$A$5:$A$14,0)))/INDEX('Cohort Summary'!$I$5:$I$14,MATCH($A278,'Cohort Summary'!$A$5:$A$14,0)) -> 0.76530612 | L278: =(G278-INDEX('Cohort Summary'!$J$5:$J$14,MATCH($A278,'Cohort Summary'!$A$5:$A$14,0)))/INDEX('Cohort Summary'!$K$5:$K$14,MATCH($A278,'Cohort Summary'!$A$5:$A$14,0)) -> 0.265625 | M278: =MAX(I278:K278) -> 1.5 | N278: normal | P278: =A278&"|"&N278 -> NURSE-02|normal
A279: NURSE-02 | B279: 46303.318 | C279: Live | D279: 42.3 | E279: 20.5 | F279: 34 | G279: 32.8 | H279: walking | I279: =(D279-INDEX('Cohort Summary'!$D$5:$D$14,MATCH($A279,'Cohort Summary'!$A$5:$A$14,0)))/INDEX('Cohort Summary'!$E$5:$E$14,MATCH($A279,'Cohort Summary'!$A$5:$A$14,0)) -> -0.46319018 | J279: =(E279-INDEX('Cohort Summary'!$F$5:$F$14,MATCH($A279,'Cohort Summary'!$A$5:$A$14,0)))/INDEX('Cohort Summary'!$G$5:$G$14,MATCH($A279,'Cohort Summary'!$A$5:$A$14,0)) -> 0.68396226 | K279: =(F279-INDEX('Cohort Summary'!$H$5:$H$14,MATCH($A279,'Cohort Summary'!$A$5:$A$14,0)))/INDEX('Cohort Summary'!$I$5:$I$14,MATCH($A279,'Cohort Summary'!$A$5:$A$14,0)) -> 0.52721088 | L279: =(G279-INDEX('Cohort Summary'!$J$5:$J$14,MATCH($A279,'Cohort Summary'!$A$5:$A$14,0)))/INDEX('Cohort Summary'!$K$5:$K$14,MATCH($A279,'Cohort Summary'!$A$5:$A$14,0)) -> -0.046875 | M279: =MAX(I279:K279) -> 0.68396226 | N279: normal | P279: =A279&"|"&N279 -> NURSE-02|normal
A280: NURSE-02 | B280: 46303.319 | C280: Live | D280: 42 | E280: 20.9 | F280: 35.4 | G280: 32.1 | H280: standing | I280: =(D280-INDEX('Cohort Summary'!$D$5:$D$14,MATCH($A280,'Cohort Summary'!$A$5:$A$14,0)))/INDEX('Cohort Summary'!$E$5:$E$14,MATCH($A280,'Cohort Summary'!$A$5:$A$14,0)) -> -0.55521472 | J280: =(E280-INDEX('Cohort Summary'!$F$5:$F$14,MATCH($A280,'Cohort Summary'!$A$5:$A$14,0)))/INDEX('Cohort Summary'!$G$5:$G$14,MATCH($A280,'Cohort Summary'!$A$5:$A$14,0)) -> 0.87264151 | K280: =(F280-INDEX('Cohort Summary'!$H$5:$H$14,MATCH($A280,'Cohort Summary'!$A$5:$A$14,0)))/INDEX('Cohort Summary'!$I$5:$I$14,MATCH($A280,'Cohort Summary'!$A$5:$A$14,0)) -> 1.0034014 | L280: =(G280-INDEX('Cohort Summary'!$J$5:$J$14,MATCH($A280,'Cohort Summary'!$A$5:$A$14,0)))/INDEX('Cohort Summary'!$K$5:$K$14,MATCH($A280,'Cohort Summary'!$A$5:$A$14,0)) -> -1.140625 | M280: =MAX(I280:K280) -> 1.0034014 | N280: normal | P280: =A280&"|"&N280 -> NURSE-02|normal
A281: NURSE-02 | B281: 46303.319 | C281: Live | D281: 48.7 | E281: 21.1 | F281: 33 | G281: 32.5 | H281: standing | I281: =(D281-INDEX('Cohort Summary'!$D$5:$D$14,MATCH($A281,'Cohort Summary'!$A$5:$A$14,0)))/INDEX('Cohort Summary'!$E$5:$E$14,MATCH($A281,'Cohort Summary'!$A$5:$A$14,0)) -> 1.5 | J281: =(E281-INDEX('Cohort Summary'!$F$5:$F$14,MATCH($A281,'Cohort Summary'!$A$5:$A$14,0)))/INDEX('Cohort Summary'!$G$5:$G$14,MATCH($A281,'Cohort Summary'!$A$5:$A$14,0)) -> 0.96698113 | K281: =(F281-INDEX('Cohort Summary'!$H$5:$H$14,MATCH($A281,'Cohort Summary'!$A$5:$A$14,0)))/INDEX('Cohort Summary'!$I$5:$I$14,MATCH($A281,'Cohort Summary'!$A$5:$A$14,0)) -> 0.18707483 | L281: =(G281-INDEX('Cohort Summary'!$J$5:$J$14,MATCH($A281,'Cohort Summary'!$A$5:$A$14,0)))/INDEX('Cohort Summary'!$K$5:$K$14,MATCH($A281,'Cohort Summary'!$A$5:$A$14,0)) -> -0.515625 | M281: =MAX(I281:K281) -> 1.5 | N281: normal | P281: =A281&"|"&N281 -> NURSE-02|normal
A282: NURSE-02 | B282: 46303.319 | C282: Live | D282: 42.3 | E282: 17.3 | F282: 36.8 | G282: 33.3 | H282: standing | I282: =(D282-INDEX('Cohort Summary'!$D$5:$D$14,MATCH($A282,'Cohort Summary'!$A$5:$A$14,0)))/INDEX('Cohort Summary'!$E$5:$E$14,MATCH($A282,'Cohort Summary'!$A$5:$A$14,0)) -> -0.46319018 | J282: =(E282-INDEX('Cohort Summary'!$F$5:$F$14,MATCH($A282,'Cohort Summary'!$A$5:$A$14,0)))/INDEX('Cohort Summary'!$G$5:$G$14,MATCH($A282,'Cohort Summary'!$A$5:$A$14,0)) -> -0.8254717 | K282: =(F282-INDEX('Cohort Summary'!$H$5:$H$14,MATCH($A282,'Cohort Summary'!$A$5:$A$14,0)))/INDEX('Cohort Summary'!$I$5:$I$14,MATCH($A282,'Cohort Summary'!$A$5:$A$14,0)) -> 1.4795918 | L282: =(G282-INDEX('Cohort Summary'!$J$5:$J$14,MATCH($A282,'Cohort Summary'!$A$5:$A$14,0)))/INDEX('Cohort Summary'!$K$5:$K$14,MATCH($A282,'Cohort Summary'!$A$5:$A$14,0)) -> 0.734375 | M282: =MAX(I282:K282) -> 1.4795918 | N282: normal | P282: =A282&"|"&N282 -> NURSE-02|normal
A283: NURSE-02 | B283: 46303.32 | C283: Live | D283: 40.6 | E283: 20.6 | F283: 29 | G283: 32.1 | H283: standing | I283: =(D283-INDEX('Cohort Summary'!$D$5:$D$14,MATCH($A283,'Cohort Summary'!$A$5:$A$14,0)))/INDEX('Cohort Summary'!$E$5:$E$14,MATCH($A283,'Cohort Summary'!$A$5:$A$14,0)) -> -0.98466258 | J283: =(E283-INDEX('Cohort Summary'!$F$5:$F$14,MATCH($A283,'Cohort Summary'!$A$5:$A$14,0)))/INDEX('Cohort Summary'!$G$5:$G$14,MATCH($A283,'Cohort Summary'!$A$5:$A$14,0)) -> 0.73113208 | K283: =(F283-INDEX('Cohort Summary'!$H$5:$H$14,MATCH($A283,'Cohort Summary'!$A$5:$A$14,0)))/INDEX('Cohort Summary'!$I$5:$I$14,MATCH($A283,'Cohort Summary'!$A$5:$A$14,0)) -> -1.1734694 | L283: =(G283-INDEX('Cohort Summary'!$J$5:$J$14,MATCH($A283,'Cohort Summary'!$A$5:$A$14,0)))/INDEX('Cohort Summary'!$K$5:$K$14,MATCH($A283,'Cohort Summary'!$A$5:$A$14,0)) -> -1.140625 | M283: =MAX(I283:K283) -> 0.73113208 | N283: normal | P283: =A283&"|"&N283 -> NURSE-02|normal
A284: NURSE-02 | B284: 46303.32 | C284: Live | D284: 46.9 | E284: 21.1 | F284: 31.3 | G284: 32.2 | H284: sitting | I284: =(D284-INDEX('Cohort Summary'!$D$5:$D$14,MATCH($A284,'Cohort Summary'!$A$5:$A$14,0)))/INDEX('Cohort Summary'!$E$5:$E$14,MATCH($A284,'Cohort Summary'!$A$5:$A$14,0)) -> 0.94785276 | J284: =(E284-INDEX('Cohort Summary'!$F$5:$F$14,MATCH($A284,'Cohort Summary'!$A$5:$A$14,0)))/INDEX('Cohort Summary'!$G$5:$G$14,MATCH($A284,'Cohort Summary'!$A$5:$A$14,0)) -> 0.96698113 | K284: =(F284-INDEX('Cohort Summary'!$H$5:$H$14,MATCH($A284,'Cohort Summary'!$A$5:$A$14,0)))/INDEX('Cohort Summary'!$I$5:$I$14,MATCH($A284,'Cohort Summary'!$A$5:$A$14,0)) -> -0.39115646 | L284: =(G284-INDEX('Cohort Summary'!$J$5:$J$14,MATCH($A284,'Cohort Summary'!$A$5:$A$14,0)))/INDEX('Cohort Summary'!$K$5:$K$14,MATCH($A284,'Cohort Summary'!$A$5:$A$14,0)) -> -0.984375 | M284: =MAX(I284:K284) -> 0.96698113 | N284: normal | P284: =A284&"|"&N284 -> NURSE-02|normal
A285: NURSE-02 | B285: 46303.32 | C285: Live | D285: 48.1 | E285: 18 | F285: 35.9 | G285: 32.7 | H285: standing | I285: =(D285-INDEX('Cohort Summary'!$D$5:$D$14,MATCH($A285,'Cohort Summary'!$A$5:$A$14,0)))/INDEX('Cohort Summary'!$E$5:$E$14,MATCH($A285,'Cohort Summary'!$A$5:$A$14,0)) -> 1.3159509 | J285: =(E285-INDEX('Cohort Summary'!$F$5:$F$14,MATCH($A285,'Cohort Summary'!$A$5:$A$14,0)))/INDEX('Cohort Summary'!$G$5:$G$14,MATCH($A285,'Cohort Summary'!$A$5:$A$14,0)) -> -0.49528302 | K285: =(F285-INDEX('Cohort Summary'!$H$5:$H$14,MATCH($A285,'Cohort Summary'!$A$5:$A$14,0)))/INDEX('Cohort Summary'!$I$5:$I$14,MATCH($A285,'Cohort Summary'!$A$5:$A$14,0)) -> 1.1734694 | L285: =(G285-INDEX('Cohort Summary'!$J$5:$J$14,MATCH($A285,'Cohort Summary'!$A$5:$A$14,0)))/INDEX('Cohort Summary'!$K$5:$K$14,MATCH($A285,'Cohort Summary'!$A$5:$A$14,0)) -> -0.203125 | M285: =MAX(I285:K285) -> 1.3159509 | N285: normal | P285: =A285&"|"&N285 -> NURSE-02|normal
A286: NURSE-02 | B286: 46303.321 | C286: Live | D286: 43 | E286: 21.5 | F286: 33.9 | G286: 32.8 | H286: sitting | I286: =(D286-INDEX('Cohort Summary'!$D$5:$D$14,MATCH($A286,'Cohort Summary'!$A$5:$A$14,0)))/INDEX('Cohort Summary'!$E$5:$E$14,MATCH($A286,'Cohort Summary'!$A$5:$A$14,0)) -> -0.24846626 | J286: =(E286-INDEX('Cohort Summary'!$F$5:$F$14,MATCH($A286,'Cohort Summary'!$A$5:$A$14,0)))/INDEX('Cohort Summary'!$G$5:$G$14,MATCH($A286,'Cohort Summary'!$A$5:$A$14,0)) -> 1.1556604 | K286: =(F286-INDEX('Cohort Summary'!$H$5:$H$14,MATCH($A286,'Cohort Summary'!$A$5:$A$14,0)))/INDEX('Cohort Summary'!$I$5:$I$14,MATCH($A286,'Cohort Summary'!$A$5:$A$14,0)) -> 0.49319728 | L286: =(G286-INDEX('Cohort Summary'!$J$5:$J$14,MATCH($A286,'Cohort Summary'!$A$5:$A$14,0)))/INDEX('Cohort Summary'!$K$5:$K$14,MATCH($A286,'Cohort Summary'!$A$5:$A$14,0)) -> -0.046875 | M286: =MAX(I286:K286) -> 1.1556604 | N286: normal | P286: =A286&"|"&N286 -> NURSE-02|normal
A287: NURSE-02 | B287: 46303.321 | C287: Live | D287: 42 | E287: 16.2 | F287: 29.6 | G287: 33.3 | H287: standing | I287: =(D287-INDEX('Cohort Summary'!$D$5:$D$14,MATCH($A287,'Cohort Summary'!$A$5:$A$14,0)))/INDEX('Cohort Summary'!$E$5:$E$14,MATCH($A287,'Cohort Summary'!$A$5:$A$14,0)) -> -0.55521472 | J287: =(E287-INDEX('Cohort Summary'!$F$5:$F$14,MATCH($A287,'Cohort Summary'!$A$5:$A$14,0)))/INDEX('Cohort Summary'!$G$5:$G$14,MATCH($A287,'Cohort Summary'!$A$5:$A$14,0)) -> -1.3443396 | K287: =(F287-INDEX('Cohort Summary'!$H$5:$H$14,MATCH($A287,'Cohort Summary'!$A$5:$A$14,0)))/INDEX('Cohort Summary'!$I$5:$I$14,MATCH($A287,'Cohort Summary'!$A$5:$A$14,0)) -> -0.96938776 | L287: =(G287-INDEX('Cohort Summary'!$J$5:$J$14,MATCH($A287,'Cohort Summary'!$A$5:$A$14,0)))/INDEX('Cohort Summary'!$K$5:$K$14,MATCH($A287,'Cohort Summary'!$A$5:$A$14,0)) -> 0.734375 | M287: =MAX(I287:K287) -> -0.55521472 | N287: normal | P287: =A287&"|"&N287 -> NURSE-02|normal
A288: NURSE-02 | B288: 46303.322 | C288: Live | D288: 46.4 | E288: 22.4 | F288: 31.3 | G288: 32.9 | H288: sitting | I288: =(D288-INDEX('Cohort Summary'!$D$5:$D$14,MATCH($A288,'Cohort Summary'!$A$5:$A$14,0)))/INDEX('Cohort Summary'!$E$5:$E$14,MATCH($A288,'Cohort Summary'!$A$5:$A$14,0)) -> 0.79447853 | J288: =(E288-INDEX('Cohort Summary'!$F$5:$F$14,MATCH($A288,'Cohort Summary'!$A$5:$A$14,0)))/INDEX('Cohort Summary'!$G$5:$G$14,MATCH($A288,'Cohort Summary'!$A$5:$A$14,0)) -> 1.5801887 | K288: =(F288-INDEX('Cohort Summary'!$H$5:$H$14,MATCH($A288,'Cohort Summary'!$A$5:$A$14,0)))/INDEX('Cohort Summary'!$I$5:$I$14,MATCH($A288,'Cohort Summary'!$A$5:$A$14,0)) -> -0.39115646 | L288: =(G288-INDEX('Cohort Summary'!$J$5:$J$14,MATCH($A288,'Cohort Summary'!$A$5:$A$14,0)))/INDEX('Cohort Summary'!$K$5:$K$14,MATCH($A288,'Cohort Summary'!$A$5:$A$14,0)) -> 0.109375 | M288: =MAX(I288:K288) -> 1.5801887 | N288: normal | P288: =A288&"|"&N288 -> NURSE-02|normal
A289: NURSE-02 | B289: 46303.322 | C289: Live | D289: 45.5 | E289: 21.9 | F289: 33.7 | G289: 33.1 | H289: sitting | I289: =(D289-INDEX('Cohort Summary'!$D$5:$D$14,MATCH($A289,'Cohort Summary'!$A$5:$A$14,0)))/INDEX('Cohort Summary'!$E$5:$E$14,MATCH($A289,'Cohort Summary'!$A$5:$A$14,0)) -> 0.51840491 | J289: =(E289-INDEX('Cohort Summary'!$F$5:$F$14,MATCH($A289,'Cohort Summary'!$A$5:$A$14,0)))/INDEX('Cohort Summary'!$G$5:$G$14,MATCH($A289,'Cohort Summary'!$A$5:$A$14,0)) -> 1.3443396 | K289: =(F289-INDEX('Cohort Summary'!$H$5:$H$14,MATCH($A289,'Cohort Summary'!$A$5:$A$14,0)))/INDEX('Cohort Summary'!$I$5:$I$14,MATCH($A289,'Cohort Summary'!$A$5:$A$14,0)) -> 0.42517007 | L289: =(G289-INDEX('Cohort Summary'!$J$5:$J$14,MATCH($A289,'Cohort Summary'!$A$5:$A$14,0)))/INDEX('Cohort Summary'!$K$5:$K$14,MATCH($A289,'Cohort Summary'!$A$5:$A$14,0)) -> 0.421875 | M289: =MAX(I289:K289) -> 1.3443396 | N289: normal | P289: =A289&"|"&N289 -> NURSE-02|normal
... A311: NURSE-02 | B311: 46303.33 | C311: Live | D311: 45.4 | E311: 20.6 | F311: 30.6 | G311: 33.7 | H311: walking | I311: =(D311-INDEX('Cohort Summary'!$D$5:$D$14,MATCH($A311,'Cohort Summary'!$A$5:$A$14,0)))/INDEX('Cohort Summary'!$E$5:$E$14,MATCH($A311,'Cohort Summary'!$A$5:$A$14,0)) -> 0.48773006 | J311: =(E311-INDEX('Cohort Summary'!$F$5:$F$14,MATCH($A311,'Cohort Summary'!$A$5:$A$14,0)))/INDEX('Cohort Summary'!$G$5:$G$14,MATCH($A311,'Cohort Summary'!$A$5:$A$14,0)) -> 0.73113208 | K311: =(F311-INDEX('Cohort Summary'!$H$5:$H$14,MATCH($A311,'Cohort Summary'!$A$5:$A$14,0)))/INDEX('Cohort Summary'!$I$5:$I$14,MATCH($A311,'Cohort Summary'!$A$5:$A$14,0)) -> -0.6292517 | L311: =(G311-INDEX('Cohort Summary'!$J$5:$J$14,MATCH($A311,'Cohort Summary'!$A$5:$A$14,0)))/INDEX('Cohort Summary'!$K$5:$K$14,MATCH($A311,'Cohort Summary'!$A$5:$A$14,0)) -> 1.359375 | M311: =MAX(I311:K311) -> 0.73113208 | N311: normal | P311: =A311&"|"&N311 -> NURSE-02|normal
A312: NURSE-02 | B312: 46303.33 | C312: Live | D312: 51.6 | E312: 21.8 | F312: 36.1 | G312: 33.4 | H312: standing | I312: =(D312-INDEX('Cohort Summary'!$D$5:$D$14,MATCH($A312,'Cohort Summary'!$A$5:$A$14,0)))/INDEX('Cohort Summary'!$E$5:$E$14,MATCH($A312,'Cohort Summary'!$A$5:$A$14,0)) -> 2.3895706 | J312: =(E312-INDEX('Cohort Summary'!$F$5:$F$14,MATCH($A312,'Cohort Summary'!$A$5:$A$14,0)))/INDEX('Cohort Summary'!$G$5:$G$14,MATCH($A312,'Cohort Summary'!$A$5:$A$14,0)) -> 1.2971698 | K312: =(F312-INDEX('Cohort Summary'!$H$5:$H$14,MATCH($A312,'Cohort Summary'!$A$5:$A$14,0)))/INDEX('Cohort Summary'!$I$5:$I$14,MATCH($A312,'Cohort Summary'!$A$5:$A$14,0)) -> 1.2414966 | L312: =(G312-INDEX('Cohort Summary'!$J$5:$J$14,MATCH($A312,'Cohort Summary'!$A$5:$A$14,0)))/INDEX('Cohort Summary'!$K$5:$K$14,MATCH($A312,'Cohort Summary'!$A$5:$A$14,0)) -> 0.890625 | M312: =MAX(I312:K312) -> 2.3895706 | N312: caution | O312: heel pressure 2.4 SD above personal baseline | P312: =A312&"|"&N312 -> NURSE-02|caution
A313: NURSE-02 | B313: 46303.33 | C313: Live | D313: 56.3 | E313: 18.4 | F313: 32.8 | G313: 33.1 | H313: standing | I313: =(D313-INDEX('Cohort Summary'!$D$5:$D$14,MATCH($A313,'Cohort Summary'!$A$5:$A$14,0)))/INDEX('Cohort Summary'!$E$5:$E$14,MATCH($A313,'Cohort Summary'!$A$5:$A$14,0)) -> 3.8312883 | J313: =(E313-INDEX('Cohort Summary'!$F$5:$F$14,MATCH($A313,'Cohort Summary'!$A$5:$A$14,0)))/INDEX('Cohort Summary'!$G$5:$G$14,MATCH($A313,'Cohort Summary'!$A$5:$A$14,0)) -> -0.30660377 | K313: =(F313-INDEX('Cohort Summary'!$H$5:$H$14,MATCH($A313,'Cohort Summary'!$A$5:$A$14,0)))/INDEX('Cohort Summary'!$I$5:$I$14,MATCH($A313,'Cohort Summary'!$A$5:$A$14,0)) -> 0.11904762 | L313: =(G313-INDEX('Cohort Summary'!$J$5:$J$14,MATCH($A313,'Cohort Summary'!$A$5:$A$14,0)))/INDEX('Cohort Summary'!$K$5:$K$14,MATCH($A313,'Cohort Summary'!$A$5:$A$14,0)) -> 0.421875 | M313: =MAX(I313:K313) -> 3.8312883 | N313: caution | O313: heel pressure 3.8 SD above personal baseline | P313: =A313&"|"&N313 -> NURSE-02|caution
A314: NURSE-02 | B314: 46303.331 | C314: Live | D314: 60.5 | E314: 20.6 | F314: 29.5 | G314: 32 | H314: standing | I314: =(D314-INDEX('Cohort Summary'!$D$5:$D$14,MATCH($A314,'Cohort Summary'!$A$5:$A$14,0)))/INDEX('Cohort Summary'!$E$5:$E$14,MATCH($A314,'Cohort Summary'!$A$5:$A$14,0)) -> 5.1196319 | J314: =(E314-INDEX('Cohort Summary'!$F$5:$F$14,MATCH($A314,'Cohort Summary'!$A$5:$A$14,0)))/INDEX('Cohort Summary'!$G$5:$G$14,MATCH($A314,'Cohort Summary'!$A$5:$A$14,0)) -> 0.73113208 | K314: =(F314-INDEX('Cohort Summary'!$H$5:$H$14,MATCH($A314,'Cohort Summary'!$A$5:$A$14,0)))/INDEX('Cohort Summary'!$I$5:$I$14,MATCH($A314,'Cohort Summary'!$A$5:$A$14,0)) -> -1.0034014 | L314: =(G314-INDEX('Cohort Summary'!$J$5:$J$14,MATCH($A314,'Cohort Summary'!$A$5:$A$14,0)))/INDEX('Cohort Summary'!$K$5:$K$14,MATCH($A314,'Cohort Summary'!$A$5:$A$14,0)) -> -1.296875 | M314: =MAX(I314:K314) -> 5.1196319 | N314: caution | O314: heel pressure 5.1 SD above personal baseline | P314: =A314&"|"&N314 -> NURSE-02|caution
A315: NURSE-02 | B315: 46303.331 | C315: Live | D315: 59.5 | E315: 17.3 | F315: 31.5 | G315: 33.4 | H315: standing | I315: =(D315-INDEX('Cohort Summary'!$D$5:$D$14,MATCH($A315,'Cohort Summary'!$A$5:$A$14,0)))/INDEX('Cohort Summary'!$E$5:$E$14,MATCH($A315,'Cohort Summary'!$A$5:$A$14,0)) -> 4.8128834 | J315: =(E315-INDEX('Cohort Summary'!$F$5:$F$14,MATCH($A315,'Cohort Summary'!$A$5:$A$14,0)))/INDEX('Cohort Summary'!$G$5:$G$14,MATCH($A315,'Cohort Summary'!$A$5:$A$14,0)) -> -0.8254717 | K315: =(F315-INDEX('Cohort Summary'!$H$5:$H$14,MATCH($A315,'Cohort Summary'!$A$5:$A$14,0)))/INDEX('Cohort Summary'!$I$5:$I$14,MATCH($A315,'Cohort Summary'!$A$5:$A$14,0)) -> -0.32312925 | L315: =(G315-INDEX('Cohort Summary'!$J$5:$J$14,MATCH($A315,'Cohort Summary'!$A$5:$A$14,0)))/INDEX('Cohort Summary'!$K$5:$K$14,MATCH($A315,'Cohort Summary'!$A$5:$A$14,0)) -> 0.890625 | M315: =MAX(I315:K315) -> 4.8128834 | N315: caution | O315: heel pressure 4.8 SD above personal baseline | P315: =A315&"|"&N315 -> NURSE-02|caution
A316: NURSE-02 | B316: 46303.331 | C316: Live | D316: 60 | E316: 21.5 | F316: 28.7 | G316: 33.6 | H316: standing | I316: =(D316-INDEX('Cohort Summary'!$D$5:$D$14,MATCH($A316,'Cohort Summary'!$A$5:$A$14,0)))/INDEX('Cohort Summary'!$E$5:$E$14,MATCH($A316,'Cohort Summary'!$A$5:$A$14,0)) -> 4.9662577 | J316: =(E316-INDEX('Cohort Summary'!$F$5:$F$14,MATCH($A316,'Cohort Summary'!$A$5:$A$14,0)))/INDEX('Cohort Summary'!$G$5:$G$14,MATCH($A316,'Cohort Summary'!$A$5:$A$14,0)) -> 1.1556604 | K316: =(F316-INDEX('Cohort Summary'!$H$5:$H$14,MATCH($A316,'Cohort Summary'!$A$5:$A$14,0)))/INDEX('Cohort Summary'!$I$5:$I$14,MATCH($A316,'Cohort Summary'!$A$5:$A$14,0)) -> -1.2755102 | L316: =(G316-INDEX('Cohort Summary'!$J$5:$J$14,MATCH($A316,'Cohort Summary'!$A$5:$A$14,0)))/INDEX('Cohort Summary'!$K$5:$K$14,MATCH($A316,'Cohort Summary'!$A$5:$A$14,0)) -> 1.203125 | M316: =MAX(I316:K316) -> 4.9662577 | N316: caution | O316: heel pressure 5.0 SD above personal baseline | P316: =A316&"|"&N316 -> NURSE-02|caution
A317: NURSE-02 | B317: 46303.332 | C317: Live | D317: 60.8 | E317: 16.6 | F317: 36 | G317: 32.9 | H317: standing | I317: =(D317-INDEX('Cohort Summary'!$D$5:$D$14,MATCH($A317,'Cohort Summary'!$A$5:$A$14,0)))/INDEX('Cohort Summary'!$E$5:$E$14,MATCH($A317,'Cohort Summary'!$A$5:$A$14,0)) -> 5.2116564 | J317: =(E317-INDEX('Cohort Summary'!$F$5:$F$14,MATCH($A317,'Cohort Summary'!$A$5:$A$14,0)))/INDEX('Cohort Summary'!$G$5:$G$14,MATCH($A317,'Cohort Summary'!$A$5:$A$14,0)) -> -1.1556604 | K317: =(F317-INDEX('Cohort Summary'!$H$5:$H$14,MATCH($A317,'Cohort Summary'!$A$5:$A$14,0)))/INDEX('Cohort Summary'!$I$5:$I$14,MATCH($A317,'Cohort Summary'!$A$5:$A$14,0)) -> 1.207483 | L317: =(G317-INDEX('Cohort Summary'!$J$5:$J$14,MATCH($A317,'Cohort Summary'!$A$5:$A$14,0)))/INDEX('Cohort Summary'!$K$5:$K$14,MATCH($A317,'Cohort Summary'!$A$5:$A$14,0)) -> 0.109375 | M317: =MAX(I317:K317) -> 5.2116564 | N317: caution | O317: heel pressure 5.2 SD above personal baseline | P317: =A317&"|"&N317 -> NURSE-02|caution
A318: NURSE-02 | B318: 46303.332 | C318: Live | D318: 59.4 | E318: 17.4 | F318: 33.9 | G318: 32.9 | H318: standing | I318: =(D318-INDEX('Cohort Summary'!$D$5:$D$14,MATCH($A318,'Cohort Summary'!$A$5:$A$14,0)))/INDEX('Cohort Summary'!$E$5:$E$14,MATCH($A318,'Cohort Summary'!$A$5:$A$14,0)) -> 4.7822086 | J318: =(E318-INDEX('Cohort Summary'!$F$5:$F$14,MATCH($A318,'Cohort Summary'!$A$5:$A$14,0)))/INDEX('Cohort Summary'!$G$5:$G$14,MATCH($A318,'Cohort Summary'!$A$5:$A$14,0)) -> -0.77830189 | K318: =(F318-INDEX('Cohort Summary'!$H$5:$H$14,MATCH($A318,'Cohort Summary'!$A$5:$A$14,0)))/INDEX('Cohort Summary'!$I$5:$I$14,MATCH($A318,'Cohort Summary'!$A$5:$A$14,0)) -> 0.49319728 | L318: =(G318-INDEX('Cohort Summary'!$J$5:$J$14,MATCH($A318,'Cohort Summary'!$A$5:$A$14,0)))/INDEX('Cohort Summary'!$K$5:$K$14,MATCH($A318,'Cohort Summary'!$A$5:$A$14,0)) -> 0.109375 | M318: =MAX(I318:K318) -> 4.7822086 | N318: caution | O318: heel pressure 4.8 SD above personal baseline | P318: =A318&"|"&N318 -> NURSE-02|caution
A319: NURSE-02 | B319: 46303.332 | C319: Live | D319: 59.4 | E319: 20.7 | F319: 28.2 | G319: 32 | H319: standing | I319: =(D319-INDEX('Cohort Summary'!$D$5:$D$14,MATCH($A319,'Cohort Summary'!$A$5:$A$14,0)))/INDEX('Cohort Summary'!$E$5:$E$14,MATCH($A319,'Cohort Summary'!$A$5:$A$14,0)) -> 4.7822086 | J319: =(E319-INDEX('Cohort Summary'!$F$5:$F$14,MATCH($A319,'Cohort Summary'!$A$5:$A$14,0)))/INDEX('Cohort Summary'!$G$5:$G$14,MATCH($A319,'Cohort Summary'!$A$5:$A$14,0)) -> 0.77830189 | K319: =(F319-INDEX('Cohort Summary'!$H$5:$H$14,MATCH($A319,'Cohort Summary'!$A$5:$A$14,0)))/INDEX('Cohort Summary'!$I$5:$I$14,MATCH($A319,'Cohort Summary'!$A$5:$A$14,0)) -> -1.4455782 | L319: =(G319-INDEX('Cohort Summary'!$J$5:$J$14,MATCH($A319,'Cohort Summary'!$A$5:$A$14,0)))/INDEX('Cohort Summary'!$K$5:$K$14,MATCH($A319,'Cohort Summary'!$A$5:$A$14,0)) -> -1.296875 | M319: =MAX(I319:K319) -> 4.7822086 | N319: caution | O319: heel pressure 4.8 SD above personal baseline | P319: =A319&"|"&N319 -> NURSE-02|caution
A320: NURSE-02 | B320: 46303.333 | C320: Live | D320: 53.3 | E320: 17 | F320: 31.9 | G320: 31.9 | H320: standing | I320: =(D320-INDEX('Cohort Summary'!$D$5:$D$14,MATCH($A320,'Cohort Summary'!$A$5:$A$14,0)))/INDEX('Cohort Summary'!$E$5:$E$14,MATCH($A320,'Cohort Summary'!$A$5:$A$14,0)) -> 2.9110429 | J320: =(E320-INDEX('Cohort Summary'!$F$5:$F$14,MATCH($A320,'Cohort Summary'!$A$5:$A$14,0)))/INDEX('Cohort Summary'!$G$5:$G$14,MATCH($A320,'Cohort Summary'!$A$5:$A$14,0)) -> -0.96698113 | K320: =(F320-INDEX('Cohort Summary'!$H$5:$H$14,MATCH($A320,'Cohort Summary'!$A$5:$A$14,0)))/INDEX('Cohort Summary'!$I$5:$I$14,MATCH($A320,'Cohort Summary'!$A$5:$A$14,0)) -> -0.18707483 | L320: =(G320-INDEX('Cohort Summary'!$J$5:$J$14,MATCH($A320,'Cohort Summary'!$A$5:$A$14,0)))/INDEX('Cohort Summary'!$K$5:$K$14,MATCH($A320,'Cohort Summary'!$A$5:$A$14,0)) -> -1.453125 | M320: =MAX(I320:K320) -> 2.9110429 | N320: caution | O320: heel pressure 2.9 SD above personal baseline | P320: =A320&"|"&N320 -> NURSE-02|caution
A321: NURSE-02 | B321: 46303.333 | C321: Live | D321: 60.1 | E321: 20.9 | F321: 29.5 | G321: 32.1 | H321: standing | I321: =(D321-INDEX('Cohort Summary'!$D$5:$D$14,MATCH($A321,'Cohort Summary'!$A$5:$A$14,0)))/INDEX('Cohort Summary'!$E$5:$E$14,MATCH($A321,'Cohort Summary'!$A$5:$A$14,0)) -> 4.9969325 | J321: =(E321-INDEX('Cohort Summary'!$F$5:$F$14,MATCH($A321,'Cohort Summary'!$A$5:$A$14,0)))/INDEX('Cohort Summary'!$G$5:$G$14,MATCH($A321,'Cohort Summary'!$A$5:$A$14,0)) -> 0.87264151 | K321: =(F321-INDEX('Cohort Summary'!$H$5:$H$14,MATCH($A321,'Cohort Summary'!$A$5:$A$14,0)))/INDEX('Cohort Summary'!$I$5:$I$14,MATCH($A321,'Cohort Summary'!$A$5:$A$14,0)) -> -1.0034014 | L321: =(G321-INDEX('Cohort Summary'!$J$5:$J$14,MATCH($A321,'Cohort Summary'!$A$5:$A$14,0)))/INDEX('Cohort Summary'!$K$5:$K$14,MATCH($A321,'Cohort Summary'!$A$5:$A$14,0)) -> -1.140625 | M321: =MAX(I321:K321) -> 4.9969325 | N321: alert | O321: heel pressure 5.0 SD above personal baseline; standing for ~5 min | P321: =A321&"|"&N321 -> NURSE-02|alert
A322: NURSE-02 | B322: 46303.333 | C322: Live | D322: 59.6 | E322: 16 | F322: 35.4 | G322: 32.7 | H322: standing | I322: =(D322-INDEX('Cohort Summary'!$D$5:$D$14,MATCH($A322,'Cohort Summary'!$A$5:$A$14,0)))/INDEX('Cohort Summary'!$E$5:$E$14,MATCH($A322,'Cohort Summary'!$A$5:$A$14,0)) -> 4.8435583 | J322: =(E322-INDEX('Cohort Summary'!$F$5:$F$14,MATCH($A322,'Cohort Summary'!$A$5:$A$14,0)))/INDEX('Cohort Summary'!$G$5:$G$14,MATCH($A322,'Cohort Summary'!$A$5:$A$14,0)) -> -1.4386792 | K322: =(F322-INDEX('Cohort Summary'!$H$5:$H$14,MATCH($A322,'Cohort Summary'!$A$5:$A$14,0)))/INDEX('Cohort Summary'!$I$5:$I$14,MATCH($A322,'Cohort Summary'!$A$5:$A$14,0)) -> 1.0034014 | L322: =(G322-INDEX('Cohort Summary'!$J$5:$J$14,MATCH($A322,'Cohort Summary'!$A$5:$A$14,0)))/INDEX('Cohort Summary'!$K$5:$K$14,MATCH($A322,'Cohort Summary'!$A$5:$A$14,0)) -> -0.203125 | M322: =MAX(I322:K322) -> 4.8435583 | N322: alert | O322: heel pressure 4.8 SD above personal baseline; standing for ~6 min | P322: =A322&"|"&N322 -> NURSE-02|alert
A323: NURSE-02 | B323: 46303.334 | C323: Live | D323: 56 | E323: 18.1 | F323: 31.7 | G323: 32.7 | H323: standing | I323: =(D323-INDEX('Cohort Summary'!$D$5:$D$14,MATCH($A323,'Cohort Summary'!$A$5:$A$14,0)))/INDEX('Cohort Summary'!$E$5:$E$14,MATCH($A323,'Cohort Summary'!$A$5:$A$14,0)) -> 3.7392638 | J323: =(E323-INDEX('Cohort Summary'!$F$5:$F$14,MATCH($A323,'Cohort Summary'!$A$5:$A$14,0)))/INDEX('Cohort Summary'!$G$5:$G$14,MATCH($A323,'Cohort Summary'!$A$5:$A$14,0)) -> -0.44811321 | K323: =(F323-INDEX('Cohort Summary'!$H$5:$H$14,MATCH($A323,'Cohort Summary'!$A$5:$A$14,0)))/INDEX('Cohort Summary'!$I$5:$I$14,MATCH($A323,'Cohort Summary'!$A$5:$A$14,0)) -> -0.25510204 | L323: =(G323-INDEX('Cohort Summary'!$J$5:$J$14,MATCH($A323,'Cohort Summary'!$A$5:$A$14,0)))/INDEX('Cohort Summary'!$K$5:$K$14,MATCH($A323,'Cohort Summary'!$A$5:$A$14,0)) -> -0.203125 | M323: =MAX(I323:K323) -> 3.7392638 | N323: alert | O323: heel pressure 3.7 SD above personal baseline; standing for ~6 min | P323: =A323&"|"&N323 -> NURSE-02|alert
... A325: NURSE-02 | B325: 46303.334 | C325: Live | D325: 51.5 | E325: 21.2 | F325: 37 | G325: 33.4 | H325: standing | I325: =(D325-INDEX('Cohort Summary'!$D$5:$D$14,MATCH($A325,'Cohort Summary'!$A$5:$A$14,0)))/INDEX('Cohort Summary'!$E$5:$E$14,MATCH($A325,'Cohort Summary'!$A$5:$A$14,0)) -> 2.3588957 | J325: =(E325-INDEX('Cohort Summary'!$F$5:$F$14,MATCH($A325,'Cohort Summary'!$A$5:$A$14,0)))/INDEX('Cohort Summary'!$G$5:$G$14,MATCH($A325,'Cohort Summary'!$A$5:$A$14,0)) -> 1.0141509 | K325: =(F325-INDEX('Cohort Summary'!$H$5:$H$14,MATCH($A325,'Cohort Summary'!$A$5:$A$14,0)))/INDEX('Cohort Summary'!$I$5:$I$14,MATCH($A325,'Cohort Summary'!$A$5:$A$14,0)) -> 1.547619 | L325: =(G325-INDEX('Cohort Summary'!$J$5:$J$14,MATCH($A325,'Cohort Summary'!$A$5:$A$14,0)))/INDEX('Cohort Summary'!$K$5:$K$14,MATCH($A325,'Cohort Summary'!$A$5:$A$14,0)) -> 0.890625 | M325: =MAX(I325:K325) -> 2.3588957 | N325: caution | O325: heel pressure 2.4 SD above personal baseline; standing for ~7 min | P325: =A325&"|"&N325 -> NURSE-02|caution
A326: NURSE-02 | B326: 46303.335 | C326: Live | D326: 44.1 | E326: 19.4 | F326: 36 | G326: 31.9 | H326: sitting | I326: =(D326-INDEX('Cohort Summary'!$D$5:$D$14,MATCH($A326,'Cohort Summary'!$A$5:$A$14,0)))/INDEX('Cohort Summary'!$E$5:$E$14,MATCH($A326,'Cohort Summary'!$A$5:$A$14,0)) -> 0.088957055 | J326: =(E326-INDEX('Cohort Summary'!$F$5:$F$14,MATCH($A326,'Cohort Summary'!$A$5:$A$14,0)))/INDEX('Cohort Summary'!$G$5:$G$14,MATCH($A326,'Cohort Summary'!$A$5:$A$14,0)) -> 0.16509434 | K326: =(F326-INDEX('Cohort Summary'!$H$5:$H$14,MATCH($A326,'Cohort Summary'!$A$5:$A$14,0)))/INDEX('Cohort Summary'!$I$5:$I$14,MATCH($A326,'Cohort Summary'!$A$5:$A$14,0)) -> 1.207483 | L326: =(G326-INDEX('Cohort Summary'!$J$5:$J$14,MATCH($A326,'Cohort Summary'!$A$5:$A$14,0)))/INDEX('Cohort Summary'!$K$5:$K$14,MATCH($A326,'Cohort Summary'!$A$5:$A$14,0)) -> -1.453125 | M326: =MAX(I326:K326) -> 1.207483 | N326: normal | P326: =A326&"|"&N326 -> NURSE-02|normal
A327: NURSE-02 | B327: 46303.335 | C327: Live | D327: 43.2 | E327: 16.9 | F327: 27.9 | G327: 33.1 | H327: walking | I327: =(D327-INDEX('Cohort Summary'!$D$5:$D$14,MATCH($A327,'Cohort Summary'!$A$5:$A$14,0)))/INDEX('Cohort Summary'!$E$5:$E$14,MATCH($A327,'Cohort Summary'!$A$5:$A$14,0)) -> -0.18711656 | J327: =(E327-INDEX('Cohort Summary'!$F$5:$F$14,MATCH($A327,'Cohort Summary'!$A$5:$A$14,0)))/INDEX('Cohort Summary'!$G$5:$G$14,MATCH($A327,'Cohort Summary'!$A$5:$A$14,0)) -> -1.0141509 | K327: =(F327-INDEX('Cohort Summary'!$H$5:$H$14,MATCH($A327,'Cohort Summary'!$A$5:$A$14,0)))/INDEX('Cohort Summary'!$I$5:$I$14,MATCH($A327,'Cohort Summary'!$A$5:$A$14,0)) -> -1.547619 | L327: =(G327-INDEX('Cohort Summary'!$J$5:$J$14,MATCH($A327,'Cohort Summary'!$A$5:$A$14,0)))/INDEX('Cohort Summary'!$K$5:$K$14,MATCH($A327,'Cohort Summary'!$A$5:$A$14,0)) -> 0.421875 | M327: =MAX(I327:K327) -> -0.18711656 | N327: normal | P327: =A327&"|"&N327 -> NURSE-02|normal
A328: NURSE-02 | B328: 46303.335 | C328: Live | D328: 43.7 | E328: 19.7 | F328: 34.7 | G328: 32.2 | H328: walking | I328: =(D328-INDEX('Cohort Summary'!$D$5:$D$14,MATCH($A328,'Cohort Summary'!$A$5:$A$14,0)))/INDEX('Cohort Summary'!$E$5:$E$14,MATCH($A328,'Cohort Summary'!$A$5:$A$14,0)) -> -0.033742331 | J328: =(E328-INDEX('Cohort Summary'!$F$5:$F$14,MATCH($A328,'Cohort Summary'!$A$5:$A$14,0)))/INDEX('Cohort Summary'!$G$5:$G$14,MATCH($A328,'Cohort Summary'!$A$5:$A$14,0)) -> 0.30660377 | K328: =(F328-INDEX('Cohort Summary'!$H$5:$H$14,MATCH($A328,'Cohort Summary'!$A$5:$A$14,0)))/INDEX('Cohort Summary'!$I$5:$I$14,MATCH($A328,'Cohort Summary'!$A$5:$A$14,0)) -> 0.76530612 | L328: =(G328-INDEX('Cohort Summary'!$J$5:$J$14,MATCH($A328,'Cohort Summary'!$A$5:$A$14,0)))/INDEX('Cohort Summary'!$K$5:$K$14,MATCH($A328,'Cohort Summary'!$A$5:$A$14,0)) -> -0.984375 | M328: =MAX(I328:K328) -> 0.76530612 | N328: normal | P328: =A328&"|"&N328 -> NURSE-02|normal
A329: NURSE-02 | B329: 46303.336 | C329: Live | D329: 42.4 | E329: 17.8 | F329: 27.5 | G329: 32.4 | H329: walking | I329: =(D329-INDEX('Cohort Summary'!$D$5:$D$14,MATCH($A329,'Cohort Summary'!$A$5:$A$14,0)))/INDEX('Cohort Summary'!$E$5:$E$14,MATCH($A329,'Cohort Summary'!$A$5:$A$14,0)) -> -0.43251534 | J329: =(E329-INDEX('Cohort Summary'!$F$5:$F$14,MATCH($A329,'Cohort Summary'!$A$5:$A$14,0)))/INDEX('Cohort Summary'!$G$5:$G$14,MATCH($A329,'Cohort Summary'!$A$5:$A$14,0)) -> -0.58962264 | K329: =(F329-INDEX('Cohort Summary'!$H$5:$H$14,MATCH($A329,'Cohort Summary'!$A$5:$A$14,0)))/INDEX('Cohort Summary'!$I$5:$I$14,MATCH($A329,'Cohort Summary'!$A$5:$A$14,0)) -> -1.6836735 | L329: =(G329-INDEX('Cohort Summary'!$J$5:$J$14,MATCH($A329,'Cohort Summary'!$A$5:$A$14,0)))/INDEX('Cohort Summary'!$K$5:$K$14,MATCH($A329,'Cohort Summary'!$A$5:$A$14,0)) -> -0.671875 | M329: =MAX(I329:K329) -> -0.43251534 | N329: normal | P329: =A329&"|"&N329 -> NURSE-02|normal
A330: NURSE-02 | B330: 46303.336 | C330: Live | D330: 47.3 | E330: 18.8 | F330: 32 | G330: 32.3 | H330: sitting | I330: =(D330-INDEX('Cohort Summary'!$D$5:$D$14,MATCH($A330,'Cohort Summary'!$A$5:$A$14,0)))/INDEX('Cohort Summary'!$E$5:$E$14,MATCH($A330,'Cohort Summary'!$A$5:$A$14,0)) -> 1.0705521 | J330: =(E330-INDEX('Cohort Summary'!$F$5:$F$14,MATCH($A330,'Cohort Summary'!$A$5:$A$14,0)))/INDEX('Cohort Summary'!$G$5:$G$14,MATCH($A330,'Cohort Summary'!$A$5:$A$14,0)) -> -0.11792453 | K330: =(F330-INDEX('Cohort Summary'!$H$5:$H$14,MATCH($A330,'Cohort Summary'!$A$5:$A$14,0)))/INDEX('Cohort Summary'!$I$5:$I$14,MATCH($A330,'Cohort Summary'!$A$5:$A$14,0)) -> -0.15306122 | L330: =(G330-INDEX('Cohort Summary'!$J$5:$J$14,MATCH($A330,'Cohort Summary'!$A$5:$A$14,0)))/INDEX('Cohort Summary'!$K$5:$K$14,MATCH($A330,'Cohort Summary'!$A$5:$A$14,0)) -> -0.828125 | M330: =MAX(I330:K330) -> 1.0705521 | N330: normal | P330: =A330&"|"&N330 -> NURSE-02|normal
A331: NURSE-02 | B331: 46303.336 | C331: Live | D331: 42.4 | E331: 17.4 | F331: 31.9 | G331: 32 | H331: standing | I331: =(D331-INDEX('Cohort Summary'!$D$5:$D$14,MATCH($A331,'Cohort Summary'!$A$5:$A$14,0)))/INDEX('Cohort Summary'!$E$5:$E$14,MATCH($A331,'Cohort Summary'!$A$5:$A$14,0)) -> -0.43251534 | J331: =(E331-INDEX('Cohort Summary'!$F$5:$F$14,MATCH($A331,'Cohort Summary'!$A$5:$A$14,0)))/INDEX('Cohort Summary'!$G$5:$G$14,MATCH($A331,'Cohort Summary'!$A$5:$A$14,0)) -> -0.77830189 | K331: =(F331-INDEX('Cohort Summary'!$H$5:$H$14,MATCH($A331,'Cohort Summary'!$A$5:$A$14,0)))/INDEX('Cohort Summary'!$I$5:$I$14,MATCH($A331,'Cohort Summary'!$A$5:$A$14,0)) -> -0.18707483 | L331: =(G331-INDEX('Cohort Summary'!$J$5:$J$14,MATCH($A331,'Cohort Summary'!$A$5:$A$14,0)))/INDEX('Cohort Summary'!$K$5:$K$14,MATCH($A331,'Cohort Summary'!$A$5:$A$14,0)) -> -1.296875 | M331: =MAX(I331:K331) -> -0.18707483 | N331: normal | P331: =A331&"|"&N331 -> NURSE-02|normal
A332: NURSE-02 | B332: 46303.337 | C332: Live | D332: 42.2 | E332: 18.1 | F332: 32.9 | G332: 33.1 | H332: standing | I332: =(D332-INDEX('Cohort Summary'!$D$5:$D$14,MATCH($A332,'Cohort Summary'!$A$5:$A$14,0)))/INDEX('Cohort Summary'!$E$5:$E$14,MATCH($A332,'Cohort Summary'!$A$5:$A$14,0)) -> -0.49386503 | J332: =(E332-INDEX('Cohort Summary'!$F$5:$F$14,MATCH($A332,'Cohort Summary'!$A$5:$A$14,0)))/INDEX('Cohort Summary'!$G$5:$G$14,MATCH($A332,'Cohort Summary'!$A$5:$A$14,0)) -> -0.44811321 | K332: =(F332-INDEX('Cohort Summary'!$H$5:$H$14,MATCH($A332,'Cohort Summary'!$A$5:$A$14,0)))/INDEX('Cohort Summary'!$I$5:$I$14,MATCH($A332,'Cohort Summary'!$A$5:$A$14,0)) -> 0.15306122 | L332: =(G332-INDEX('Cohort Summary'!$J$5:$J$14,MATCH($A332,'Cohort Summary'!$A$5:$A$14,0)))/INDEX('Cohort Summary'!$K$5:$K$14,MATCH($A332,'Cohort Summary'!$A$5:$A$14,0)) -> 0.421875 | M332: =MAX(I332:K332) -> 0.15306122 | N332: normal | P332: =A332&"|"&N332 -> NURSE-02|normal
A333: NURSE-02 | B333: 46303.337 | C333: Live | D333: 43 | E333: 19.9 | F333: 31.1 | G333: 32.9 | H333: walking | I333: =(D333-INDEX('Cohort Summary'!$D$5:$D$14,MATCH($A333,'Cohort Summary'!$A$5:$A$14,0)))/INDEX('Cohort Summary'!$E$5:$E$14,MATCH($A333,'Cohort Summary'!$A$5:$A$14,0)) -> -0.24846626 | J333: =(E333-INDEX('Cohort Summary'!$F$5:$F$14,MATCH($A333,'Cohort Summary'!$A$5:$A$14,0)))/INDEX('Cohort Summary'!$G$5:$G$14,MATCH($A333,'Cohort Summary'!$A$5:$A$14,0)) -> 0.4009434 | K333: =(F333-INDEX('Cohort Summary'!$H$5:$H$14,MATCH($A333,'Cohort Summary'!$A$5:$A$14,0)))/INDEX('Cohort Summary'!$I$5:$I$14,MATCH($A333,'Cohort Summary'!$A$5:$A$14,0)) -> -0.45918367 | L333: =(G333-INDEX('Cohort Summary'!$J$5:$J$14,MATCH($A333,'Cohort Summary'!$A$5:$A$14,0)))/INDEX('Cohort Summary'!$K$5:$K$14,MATCH($A333,'Cohort Summary'!$A$5:$A$14,0)) -> 0.109375 | M333: =MAX(I333:K333) -> 0.4009434 | N333: normal | P333: =A333&"|"&N333 -> NURSE-02|normal
A334: NURSE-02 | B334: 46303.338 | C334: Live | D334: 42 | E334: 16 | F334: 28.9 | G334: 33.6 | H334: sitting | I334: =(D334-INDEX('Cohort Summary'!$D$5:$D$14,MATCH($A334,'Cohort Summary'!$A$5:$A$14,0)))/INDEX('Cohort Summary'!$E$5:$E$14,MATCH($A334,'Cohort Summary'!$A$5:$A$14,0)) -> -0.55521472 | J334: =(E334-INDEX('Cohort Summary'!$F$5:$F$14,MATCH($A334,'Cohort Summary'!$A$5:$A$14,0)))/INDEX('Cohort Summary'!$G$5:$G$14,MATCH($A334,'Cohort Summary'!$A$5:$A$14,0)) -> -1.4386792 | K334: =(F334-INDEX('Cohort Summary'!$H$5:$H$14,MATCH($A334,'Cohort Summary'!$A$5:$A$14,0)))/INDEX('Cohort Summary'!$I$5:$I$14,MATCH($A334,'Cohort Summary'!$A$5:$A$14,0)) -> -1.207483 | L334: =(G334-INDEX('Cohort Summary'!$J$5:$J$14,MATCH($A334,'Cohort Summary'!$A$5:$A$14,0)))/INDEX('Cohort Summary'!$K$5:$K$14,MATCH($A334,'Cohort Summary'!$A$5:$A$14,0)) -> 1.203125 | M334: =MAX(I334:K334) -> -0.55521472 | N334: normal | P334: =A334&"|"&N334 -> NURSE-02|normal
A335: NURSE-02 | B335: 46303.338 | C335: Live | D335: 46.7 | E335: 16.4 | F335: 32 | G335: 32.9 | H335: walking | I335: =(D335-INDEX('Cohort Summary'!$D$5:$D$14,MATCH($A335,'Cohort Summary'!$A$5:$A$14,0)))/INDEX('Cohort Summary'!$E$5:$E$14,MATCH($A335,'Cohort Summary'!$A$5:$A$14,0)) -> 0.88650307 | J335: =(E335-INDEX('Cohort Summary'!$F$5:$F$14,MATCH($A335,'Cohort Summary'!$A$5:$A$14,0)))/INDEX('Cohort Summary'!$G$5:$G$14,MATCH($A335,'Cohort Summary'!$A$5:$A$14,0)) -> -1.25 | K335: =(F335-INDEX('Cohort Summary'!$H$5:$H$14,MATCH($A335,'Cohort Summary'!$A$5:$A$14,0)))/INDEX('Cohort Summary'!$I$5:$I$14,MATCH($A335,'Cohort Summary'!$A$5:$A$14,0)) -> -0.15306122 | L335: =(G335-INDEX('Cohort Summary'!$J$5:$J$14,MATCH($A335,'Cohort Summary'!$A$5:$A$14,0)))/INDEX('Cohort Summary'!$K$5:$K$14,MATCH($A335,'Cohort Summary'!$A$5:$A$14,0)) -> 0.109375 | M335: =MAX(I335:K335) -> 0.88650307 | N335: normal | P335: =A335&"|"&N335 -> NURSE-02|normal
A336: NURSE-02 | B336: 46303.338 | C336: Live | D336: 45.2 | E336: 20.4 | F336: 34 | G336: 33 | H336: sitting | I336: =(D336-INDEX('Cohort Summary'!$D$5:$D$14,MATCH($A336,'Cohort Summary'!$A$5:$A$14,0)))/INDEX('Cohort Summary'!$E$5:$E$14,MATCH($A336,'Cohort Summary'!$A$5:$A$14,0)) -> 0.42638037 | J336: =(E336-INDEX('Cohort Summary'!$F$5:$F$14,MATCH($A336,'Cohort Summary'!$A$5:$A$14,0)))/INDEX('Cohort Summary'!$G$5:$G$14,MATCH($A336,'Cohort Summary'!$A$5:$A$14,0)) -> 0.63679245 | K336: =(F336-INDEX('Cohort Summary'!$H$5:$H$14,MATCH($A336,'Cohort Summary'!$A$5:$A$14,0)))/INDEX('Cohort Summary'!$I$5:$I$14,MATCH($A336,'Cohort Summary'!$A$5:$A$14,0)) -> 0.52721088 | L336: =(G336-INDEX('Cohort Summary'!$J$5:$J$14,MATCH($A336,'Cohort Summary'!$A$5:$A$14,0)))/INDEX('Cohort Summary'!$K$5:$K$14,MATCH($A336,'Cohort Summary'!$A$5:$A$14,0)) -> 0.265625 | M336: =MAX(I336:K336) -> 0.63679245 | N336: normal | P336: =A336&"|"&N336 -> NURSE-02|normal
A337: NURSE-02 | B337: 46303.339 | C337: Live | D337: 39.8 | E337: 16.3 | F337: 33.3 | G337: 33.1 | H337: standing | I337: =(D337-INDEX('Cohort Summary'!$D$5:$D$14,MATCH($A337,'Cohort Summary'!$A$5:$A$14,0)))/INDEX('Cohort Summary'!$E$5:$E$14,MATCH($A337,'Cohort Summary'!$A$5:$A$14,0)) -> -1.2300613 | J337: =(E337-INDEX('Cohort Summary'!$F$5:$F$14,MATCH($A337,'Cohort Summary'!$A$5:$A$14,0)))/INDEX('Cohort Summary'!$G$5:$G$14,MATCH($A337,'Cohort Summary'!$A$5:$A$14,0)) -> -1.2971698 | K337: =(F337-INDEX('Cohort Summary'!$H$5:$H$14,MATCH($A337,'Cohort Summary'!$A$5:$A$14,0)))/INDEX('Cohort Summary'!$I$5:$I$14,MATCH($A337,'Cohort Summary'!$A$5:$A$14,0)) -> 0.28911565 | L337: =(G337-INDEX('Cohort Summary'!$J$5:$J$14,MATCH($A337,'Cohort Summary'!$A$5:$A$14,0)))/INDEX('Cohort Summary'!$K$5:$K$14,MATCH($A337,'Cohort Summary'!$A$5:$A$14,0)) -> 0.421875 | M337: =MAX(I337:K337) -> 0.28911565 | N337: normal | P337: =A337&"|"&N337 -> NURSE-02|normal
... A364: NURSE-02 | B364: 46303.348 | C364: Live | D364: 49.5 | E364: 16.6 | F364: 32.5 | G364: 33.4 | H364: standing | I364: =(D364-INDEX('Cohort Summary'!$D$5:$D$14,MATCH($A364,'Cohort Summary'!$A$5:$A$14,0)))/INDEX('Cohort Summary'!$E$5:$E$14,MATCH($A364,'Cohort Summary'!$A$5:$A$14,0)) -> 1.7453988 | J364: =(E364-INDEX('Cohort Summary'!$F$5:$F$14,MATCH($A364,'Cohort Summary'!$A$5:$A$14,0)))/INDEX('Cohort Summary'!$G$5:$G$14,MATCH($A364,'Cohort Summary'!$A$5:$A$14,0)) -> -1.1556604 | K364: =(F364-INDEX('Cohort Summary'!$H$5:$H$14,MATCH($A364,'Cohort Summary'!$A$5:$A$14,0)))/INDEX('Cohort Summary'!$I$5:$I$14,MATCH($A364,'Cohort Summary'!$A$5:$A$14,0)) -> 0.017006803 | L364: =(G364-INDEX('Cohort Summary'!$J$5:$J$14,MATCH($A364,'Cohort Summary'!$A$5:$A$14,0)))/INDEX('Cohort Summary'!$K$5:$K$14,MATCH($A364,'Cohort Summary'!$A$5:$A$14,0)) -> 0.890625 | M364: =MAX(I364:K364) -> 1.7453988 | N364: normal | P364: =A364&"|"&N364 -> NURSE-02|normal
A365: NURSE-02 | B365: 46303.348 | C365: Live | D365: 53.9 | E365: 21.1 | F365: 36.8 | G365: 32.4 | H365: standing | I365: =(D365-INDEX('Cohort Summary'!$D$5:$D$14,MATCH($A365,'Cohort Summary'!$A$5:$A$14,0)))/INDEX('Cohort Summary'!$E$5:$E$14,MATCH($A365,'Cohort Summary'!$A$5:$A$14,0)) -> 3.095092 | J365: =(E365-INDEX('Cohort Summary'!$F$5:$F$14,MATCH($A365,'Cohort Summary'!$A$5:$A$14,0)))/INDEX('Cohort Summary'!$G$5:$G$14,MATCH($A365,'Cohort Summary'!$A$5:$A$14,0)) -> 0.96698113 | K365: =(F365-INDEX('Cohort Summary'!$H$5:$H$14,MATCH($A365,'Cohort Summary'!$A$5:$A$14,0)))/INDEX('Cohort Summary'!$I$5:$I$14,MATCH($A365,'Cohort Summary'!$A$5:$A$14,0)) -> 1.4795918 | L365: =(G365-INDEX('Cohort Summary'!$J$5:$J$14,MATCH($A365,'Cohort Summary'!$A$5:$A$14,0)))/INDEX('Cohort Summary'!$K$5:$K$14,MATCH($A365,'Cohort Summary'!$A$5:$A$14,0)) -> -0.671875 | M365: =MAX(I365:K365) -> 3.095092 | N365: caution | O365: heel pressure 3.1 SD above personal baseline | P365: =A365&"|"&N365 -> NURSE-02|caution
A366: NURSE-02 | B366: 46303.349 | C366: Live | D366: 52.8 | E366: 19.3 | F366: 29.1 | G366: 32.3 | H366: standing | I366: =(D366-INDEX('Cohort Summary'!$D$5:$D$14,MATCH($A366,'Cohort Summary'!$A$5:$A$14,0)))/INDEX('Cohort Summary'!$E$5:$E$14,MATCH($A366,'Cohort Summary'!$A$5:$A$14,0)) -> 2.7576687 | J366: =(E366-INDEX('Cohort Summary'!$F$5:$F$14,MATCH($A366,'Cohort Summary'!$A$5:$A$14,0)))/INDEX('Cohort Summary'!$G$5:$G$14,MATCH($A366,'Cohort Summary'!$A$5:$A$14,0)) -> 0.11792453 | K366: =(F366-INDEX('Cohort Summary'!$H$5:$H$14,MATCH($A366,'Cohort Summary'!$A$5:$A$14,0)))/INDEX('Cohort Summary'!$I$5:$I$14,MATCH($A366,'Cohort Summary'!$A$5:$A$14,0)) -> -1.1394558 | L366: =(G366-INDEX('Cohort Summary'!$J$5:$J$14,MATCH($A366,'Cohort Summary'!$A$5:$A$14,0)))/INDEX('Cohort Summary'!$K$5:$K$14,MATCH($A366,'Cohort Summary'!$A$5:$A$14,0)) -> -0.828125 | M366: =MAX(I366:K366) -> 2.7576687 | N366: caution | O366: heel pressure 2.8 SD above personal baseline | P366: =A366&"|"&N366 -> NURSE-02|caution
A367: NURSE-02 | B367: 46303.349 | C367: Live | D367: 53.9 | E367: 19.2 | F367: 27.9 | G367: 33.4 | H367: standing | I367: =(D367-INDEX('Cohort Summary'!$D$5:$D$14,MATCH($A367,'Cohort Summary'!$A$5:$A$14,0)))/INDEX('Cohort Summary'!$E$5:$E$14,MATCH($A367,'Cohort Summary'!$A$5:$A$14,0)) -> 3.095092 | J367: =(E367-INDEX('Cohort Summary'!$F$5:$F$14,MATCH($A367,'Cohort Summary'!$A$5:$A$14,0)))/INDEX('Cohort Summary'!$G$5:$G$14,MATCH($A367,'Cohort Summary'!$A$5:$A$14,0)) -> 0.070754717 | K367: =(F367-INDEX('Cohort Summary'!$H$5:$H$14,MATCH($A367,'Cohort Summary'!$A$5:$A$14,0)))/INDEX('Cohort Summary'!$I$5:$I$14,MATCH($A367,'Cohort Summary'!$A$5:$A$14,0)) -> -1.547619 | L367: =(G367-INDEX('Cohort Summary'!$J$5:$J$14,MATCH($A367,'Cohort Summary'!$A$5:$A$14,0)))/INDEX('Cohort Summary'!$K$5:$K$14,MATCH($A367,'Cohort Summary'!$A$5:$A$14,0)) -> 0.890625 | M367: =MAX(I367:K367) -> 3.095092 | N367: caution | O367: heel pressure 3.1 SD above personal baseline | P367: =A367&"|"&N367 -> NURSE-02|caution
A368: NURSE-02 | B368: 46303.349 | C368: Live | D368: 41.3 | E368: 20.1 | F368: 36 | G368: 33.6 | H368: sitting | I368: =(D368-INDEX('Cohort Summary'!$D$5:$D$14,MATCH($A368,'Cohort Summary'!$A$5:$A$14,0)))/INDEX('Cohort Summary'!$E$5:$E$14,MATCH($A368,'Cohort Summary'!$A$5:$A$14,0)) -> -0.76993865 | J368: =(E368-INDEX('Cohort Summary'!$F$5:$F$14,MATCH($A368,'Cohort Summary'!$A$5:$A$14,0)))/INDEX('Cohort Summary'!$G$5:$G$14,MATCH($A368,'Cohort Summary'!$A$5:$A$14,0)) -> 0.49528302 | K368: =(F368-INDEX('Cohort Summary'!$H$5:$H$14,MATCH($A368,'Cohort Summary'!$A$5:$A$14,0)))/INDEX('Cohort Summary'!$I$5:$I$14,MATCH($A368,'Cohort Summary'!$A$5:$A$14,0)) -> 1.207483 | L368: =(G368-INDEX('Cohort Summary'!$J$5:$J$14,MATCH($A368,'Cohort Summary'!$A$5:$A$14,0)))/INDEX('Cohort Summary'!$K$5:$K$14,MATCH($A368,'Cohort Summary'!$A$5:$A$14,0)) -> 1.203125 | M368: =MAX(I368:K368) -> 1.207483 | N368: normal | P368: =A368&"|"&N368 -> NURSE-02|normal
A369: NURSE-02 | B369: 46303.35 | C369: Live | D369: 42.2 | E369: 19.5 | F369: 29 | G369: 32.2 | H369: standing | I369: =(D369-INDEX('Cohort Summary'!$D$5:$D$14,MATCH($A369,'Cohort Summary'!$A$5:$A$14,0)))/INDEX('Cohort Summary'!$E$5:$E$14,MATCH($A369,'Cohort Summary'!$A$5:$A$14,0)) -> -0.49386503 | J369: =(E369-INDEX('Cohort Summary'!$F$5:$F$14,MATCH($A369,'Cohort Summary'!$A$5:$A$14,0)))/INDEX('Cohort Summary'!$G$5:$G$14,MATCH($A369,'Cohort Summary'!$A$5:$A$14,0)) -> 0.21226415 | K369: =(F369-INDEX('Cohort Summary'!$H$5:$H$14,MATCH($A369,'Cohort Summary'!$A$5:$A$14,0)))/INDEX('Cohort Summary'!$I$5:$I$14,MATCH($A369,'Cohort Summary'!$A$5:$A$14,0)) -> -1.1734694 | L369: =(G369-INDEX('Cohort Summary'!$J$5:$J$14,MATCH($A369,'Cohort Summary'!$A$5:$A$14,0)))/INDEX('Cohort Summary'!$K$5:$K$14,MATCH($A369,'Cohort Summary'!$A$5:$A$14,0)) -> -0.984375 | M369: =MAX(I369:K369) -> 0.21226415 | N369: normal | P369: =A369&"|"&N369 -> NURSE-02|normal
A370: NURSE-02 | B370: 46303.35 | C370: Live | D370: 40.8 | E370: 20.9 | F370: 30.6 | G370: 32.9 | H370: walking | I370: =(D370-INDEX('Cohort Summary'!$D$5:$D$14,MATCH($A370,'Cohort Summary'!$A$5:$A$14,0)))/INDEX('Cohort Summary'!$E$5:$E$14,MATCH($A370,'Cohort Summary'!$A$5:$A$14,0)) -> -0.92331288 | J370: =(E370-INDEX('Cohort Summary'!$F$5:$F$14,MATCH($A370,'Cohort Summary'!$A$5:$A$14,0)))/INDEX('Cohort Summary'!$G$5:$G$14,MATCH($A370,'Cohort Summary'!$A$5:$A$14,0)) -> 0.87264151 | K370: =(F370-INDEX('Cohort Summary'!$H$5:$H$14,MATCH($A370,'Cohort Summary'!$A$5:$A$14,0)))/INDEX('Cohort Summary'!$I$5:$I$14,MATCH($A370,'Cohort Summary'!$A$5:$A$14,0)) -> -0.6292517 | L370: =(G370-INDEX('Cohort Summary'!$J$5:$J$14,MATCH($A370,'Cohort Summary'!$A$5:$A$14,0)))/INDEX('Cohort Summary'!$K$5:$K$14,MATCH($A370,'Cohort Summary'!$A$5:$A$14,0)) -> 0.109375 | M370: =MAX(I370:K370) -> 0.87264151 | N370: normal | P370: =A370&"|"&N370 -> NURSE-02|normal
A371: NURSE-02 | B371: 46303.35 | C371: Live | D371: 46.8 | E371: 22 | F371: 29.5 | G371: 33.6 | H371: walking | I371: =(D371-INDEX('Cohort Summary'!$D$5:$D$14,MATCH($A371,'Cohort Summary'!$A$5:$A$14,0)))/INDEX('Cohort Summary'!$E$5:$E$14,MATCH($A371,'Cohort Summary'!$A$5:$A$14,0)) -> 0.91717791 | J371: =(E371-INDEX('Cohort Summary'!$F$5:$F$14,MATCH($A371,'Cohort Summary'!$A$5:$A$14,0)))/INDEX('Cohort Summary'!$G$5:$G$14,MATCH($A371,'Cohort Summary'!$A$5:$A$14,0)) -> 1.3915094 | K371: =(F371-INDEX('Cohort Summary'!$H$5:$H$14,MATCH($A371,'Cohort Summary'!$A$5:$A$14,0)))/INDEX('Cohort Summary'!$I$5:$I$14,MATCH($A371,'Cohort Summary'!$A$5:$A$14,0)) -> -1.0034014 | L371: =(G371-INDEX('Cohort Summary'!$J$5:$J$14,MATCH($A371,'Cohort Summary'!$A$5:$A$14,0)))/INDEX('Cohort Summary'!$K$5:$K$14,MATCH($A371,'Cohort Summary'!$A$5:$A$14,0)) -> 1.203125 | M371: =MAX(I371:K371) -> 1.3915094 | N371: normal | P371: =A371&"|"&N371 -> NURSE-02|normal
A372: NURSE-02 | B372: 46303.351 | C372: Live | D372: 42.7 | E372: 16.7 | F372: 33.3 | G372: 33.4 | H372: standing | I372: =(D372-INDEX('Cohort Summary'!$D$5:$D$14,MATCH($A372,'Cohort Summary'!$A$5:$A$14,0)))/INDEX('Cohort Summary'!$E$5:$E$14,MATCH($A372,'Cohort Summary'!$A$5:$A$14,0)) -> -0.3404908 | J372: =(E372-INDEX('Cohort Summary'!$F$5:$F$14,MATCH($A372,'Cohort Summary'!$A$5:$A$14,0)))/INDEX('Cohort Summary'!$G$5:$G$14,MATCH($A372,'Cohort Summary'!$A$5:$A$14,0)) -> -1.1084906 | K372: =(F372-INDEX('Cohort Summary'!$H$5:$H$14,MATCH($A372,'Cohort Summary'!$A$5:$A$14,0)))/INDEX('Cohort Summary'!$I$5:$I$14,MATCH($A372,'Cohort Summary'!$A$5:$A$14,0)) -> 0.28911565 | L372: =(G372-INDEX('Cohort Summary'!$J$5:$J$14,MATCH($A372,'Cohort Summary'!$A$5:$A$14,0)))/INDEX('Cohort Summary'!$K$5:$K$14,MATCH($A372,'Cohort Summary'!$A$5:$A$14,0)) -> 0.890625 | M372: =MAX(I372:K372) -> 0.28911565 | N372: normal | P372: =A372&"|"&N372 -> NURSE-02|normal
A373: NURSE-02 | B373: 46303.351 | C373: Live | D373: 42.2 | E373: 16.2 | F373: 29.8 | G373: 33 | H373: standing | I373: =(D373-INDEX('Cohort Summary'!$D$5:$D$14,MATCH($A373,'Cohort Summary'!$A$5:$A$14,0)))/INDEX('Cohort Summary'!$E$5:$E$14,MATCH($A373,'Cohort Summary'!$A$5:$A$14,0)) -> -0.49386503 | J373: =(E373-INDEX('Cohort Summary'!$F$5:$F$14,MATCH($A373,'Cohort Summary'!$A$5:$A$14,0)))/INDEX('Cohort Summary'!$G$5:$G$14,MATCH($A373,'Cohort Summary'!$A$5:$A$14,0)) -> -1.3443396 | K373: =(F373-INDEX('Cohort Summary'!$H$5:$H$14,MATCH($A373,'Cohort Summary'!$A$5:$A$14,0)))/INDEX('Cohort Summary'!$I$5:$I$14,MATCH($A373,'Cohort Summary'!$A$5:$A$14,0)) -> -0.90136054 | L373: =(G373-INDEX('Cohort Summary'!$J$5:$J$14,MATCH($A373,'Cohort Summary'!$A$5:$A$14,0)))/INDEX('Cohort Summary'!$K$5:$K$14,MATCH($A373,'Cohort Summary'!$A$5:$A$14,0)) -> 0.265625 | M373: =MAX(I373:K373) -> -0.49386503 | N373: normal | P373: =A373&"|"&N373 -> NURSE-02|normal
A374: NURSE-02 | B374: 46303.351 | C374: Live | D374: 39.3 | E374: 22.9 | F374: 35.7 | G374: 32.8 | H374: sitting | I374: =(D374-INDEX('Cohort Summary'!$D$5:$D$14,MATCH($A374,'Cohort Summary'!$A$5:$A$14,0)))/INDEX('Cohort Summary'!$E$5:$E$14,MATCH($A374,'Cohort Summary'!$A$5:$A$14,0)) -> -1.3834356 | J374: =(E374-INDEX('Cohort Summary'!$F$5:$F$14,MATCH($A374,'Cohort Summary'!$A$5:$A$14,0)))/INDEX('Cohort Summary'!$G$5:$G$14,MATCH($A374,'Cohort Summary'!$A$5:$A$14,0)) -> 1.8160377 | K374: =(F374-INDEX('Cohort Summary'!$H$5:$H$14,MATCH($A374,'Cohort Summary'!$A$5:$A$14,0)))/INDEX('Cohort Summary'!$I$5:$I$14,MATCH($A374,'Cohort Summary'!$A$5:$A$14,0)) -> 1.1054422 | L374: =(G374-INDEX('Cohort Summary'!$J$5:$J$14,MATCH($A374,'Cohort Summary'!$A$5:$A$14,0)))/INDEX('Cohort Summary'!$K$5:$K$14,MATCH($A374,'Cohort Summary'!$A$5:$A$14,0)) -> -0.046875 | M374: =MAX(I374:K374) -> 1.8160377 | N374: normal | P374: =A374&"|"&N374 -> NURSE-02|normal
A375: NURSE-02 | B375: 46303.352 | C375: Live | D375: 41.1 | E375: 22.5 | F375: 29.8 | G375: 32 | H375: walking | I375: =(D375-INDEX('Cohort Summary'!$D$5:$D$14,MATCH($A375,'Cohort Summary'!$A$5:$A$14,0)))/INDEX('Cohort Summary'!$E$5:$E$14,MATCH($A375,'Cohort Summary'!$A$5:$A$14,0)) -> -0.83128834 | J375: =(E375-INDEX('Cohort Summary'!$F$5:$F$14,MATCH($A375,'Cohort Summary'!$A$5:$A$14,0)))/INDEX('Cohort Summary'!$G$5:$G$14,MATCH($A375,'Cohort Summary'!$A$5:$A$14,0)) -> 1.6273585 | K375: =(F375-INDEX('Cohort Summary'!$H$5:$H$14,MATCH($A375,'Cohort Summary'!$A$5:$A$14,0)))/INDEX('Cohort Summary'!$I$5:$I$14,MATCH($A375,'Cohort Summary'!$A$5:$A$14,0)) -> -0.90136054 | L375: =(G375-INDEX('Cohort Summary'!$J$5:$J$14,MATCH($A375,'Cohort Summary'!$A$5:$A$14,0)))/INDEX('Cohort Summary'!$K$5:$K$14,MATCH($A375,'Cohort Summary'!$A$5:$A$14,0)) -> -1.296875 | M375: =MAX(I375:K375) -> 1.6273585 | N375: normal | P375: =A375&"|"&N375 -> NURSE-02|normal
A376: NURSE-02 | B376: 46303.352 | C376: Live | D376: 46.7 | E376: 21.7 | F376: 36.6 | G376: 32.3 | H376: standing | I376: =(D376-INDEX('Cohort Summary'!$D$5:$D$14,MATCH($A376,'Cohort Summary'!$A$5:$A$14,0)))/INDEX('Cohort Summary'!$E$5:$E$14,MATCH($A376,'Cohort Summary'!$A$5:$A$14,0)) -> 0.88650307 | J376: =(E376-INDEX('Cohort Summary'!$F$5:$F$14,MATCH($A376,'Cohort Summary'!$A$5:$A$14,0)))/INDEX('Cohort Summary'!$G$5:$G$14,MATCH($A376,'Cohort Summary'!$A$5:$A$14,0)) -> 1.25 | K376: =(F376-INDEX('Cohort Summary'!$H$5:$H$14,MATCH($A376,'Cohort Summary'!$A$5:$A$14,0)))/INDEX('Cohort Summary'!$I$5:$I$14,MATCH($A376,'Cohort Summary'!$A$5:$A$14,0)) -> 1.4115646 | L376: =(G376-INDEX('Cohort Summary'!$J$5:$J$14,MATCH($A376,'Cohort Summary'!$A$5:$A$14,0)))/INDEX('Cohort Summary'!$K$5:$K$14,MATCH($A376,'Cohort Summary'!$A$5:$A$14,0)) -> -0.828125 | M376: =MAX(I376:K376) -> 1.4115646 | N376: normal | P376: =A376&"|"&N376 -> NURSE-02|normal
A377: NURSE-02 | B377: 46303.352 | C377: Live | D377: 42.4 | E377: 23 | F377: 30.8 | G377: 31.9 | H377: standing | I377: =(D377-INDEX('Cohort Summary'!$D$5:$D$14,MATCH($A377,'Cohort Summary'!$A$5:$A$14,0)))/INDEX('Cohort Summary'!$E$5:$E$14,MATCH($A377,'Cohort Summary'!$A$5:$A$14,0)) -> -0.43251534 | J377: =(E377-INDEX('Cohort Summary'!$F$5:$F$14,MATCH($A377,'Cohort Summary'!$A$5:$A$14,0)))/INDEX('Cohort Summary'!$G$5:$G$14,MATCH($A377,'Cohort Summary'!$A$5:$A$14,0)) -> 1.8632075 | K377: =(F377-INDEX('Cohort Summary'!$H$5:$H$14,MATCH($A377,'Cohort Summary'!$A$5:$A$14,0)))/INDEX('Cohort Summary'!$I$5:$I$14,MATCH($A377,'Cohort Summary'!$A$5:$A$14,0)) -> -0.56122449 | L377: =(G377-INDEX('Cohort Summary'!$J$5:$J$14,MATCH($A377,'Cohort Summary'!$A$5:$A$14,0)))/INDEX('Cohort Summary'!$K$5:$K$14,MATCH($A377,'Cohort Summary'!$A$5:$A$14,0)) -> -1.453125 | M377: =MAX(I377:K377) -> 1.8632075 | N377: normal | P377: =A377&"|"&N377 -> NURSE-02|normal
A378: NURSE-02 | B378: 46303.353 | C378: Live | D378: 44.6 | E378: 22.1 | F378: 31.6 | G378: 33.7 | H378: standing | I378: =(D378-INDEX('Cohort Summary'!$D$5:$D$14,MATCH($A378,'Cohort Summary'!$A$5:$A$14,0)))/INDEX('Cohort Summary'!$E$5:$E$14,MATCH($A378,'Cohort Summary'!$A$5:$A$14,0)) -> 0.24233129 | J378: =(E378-INDEX('Cohort Summary'!$F$5:$F$14,MATCH($A378,'Cohort Summary'!$A$5:$A$14,0)))/INDEX('Cohort Summary'!$G$5:$G$14,MATCH($A378,'Cohort Summary'!$A$5:$A$14,0)) -> 1.4386792 | K378: =(F378-INDEX('Cohort Summary'!$H$5:$H$14,MATCH($A378,'Cohort Summary'!$A$5:$A$14,0)))/INDEX('Cohort Summary'!$I$5:$I$14,MATCH($A378,'Cohort Summary'!$A$5:$A$14,0)) -> -0.28911565 | L378: =(G378-INDEX('Cohort Summary'!$J$5:$J$14,MATCH($A378,'Cohort Summary'!$A$5:$A$14,0)))/INDEX('Cohort Summary'!$K$5:$K$14,MATCH($A378,'Cohort Summary'!$A$5:$A$14,0)) -> 1.359375 | M378: =MAX(I378:K378) -> 1.4386792 | N378: normal | P378: =A378&"|"&N378 -> NURSE-02|normal
A379: NURSE-02 | B379: 46303.353 | C379: Live | D379: 47.6 | E379: 20.5 | F379: 36.2 | G379: 33.2 | H379: standing | I379: =(D379-INDEX('Cohort Summary'!$D$5:$D$14,MATCH($A379,'Cohort Summary'!$A$5:$A$14,0)))/INDEX('Cohort Summary'!$E$5:$E$14,MATCH($A379,'Cohort Summary'!$A$5:$A$14,0)) -> 1.1625767 | J379: =(E379-INDEX('Cohort Summary'!$F$5:$F$14,MATCH($A379,'Cohort Summary'!$A$5:$A$14,0)))/INDEX('Cohort Summary'!$G$5:$G$14,MATCH($A379,'Cohort Summary'!$A$5:$A$14,0)) -> 0.68396226 | K379: =(F379-INDEX('Cohort Summary'!$H$5:$H$14,MATCH($A379,'Cohort Summary'!$A$5:$A$14,0)))/INDEX('Cohort Summary'!$I$5:$I$14,MATCH($A379,'Cohort Summary'!$A$5:$A$14,0)) -> 1.2755102 | L379: =(G379-INDEX('Cohort Summary'!$J$5:$J$14,MATCH($A379,'Cohort Summary'!$A$5:$A$14,0)))/INDEX('Cohort Summary'!$K$5:$K$14,MATCH($A379,'Cohort Summary'!$A$5:$A$14,0)) -> 0.578125 | M379: =MAX(I379:K379) -> 1.2755102 | N379: normal | P379: =A379&"|"&N379 -> NURSE-02|normal
... A471: NURSE-03 | B471: 46303.316 | C471: Live | D471: 37.9 | E471: 19.7 | F471: 25 | G471: 33.3 | H471: sitting | I471: =(D471-INDEX('Cohort Summary'!$D$5:$D$14,MATCH($A471,'Cohort Summary'!$A$5:$A$14,0)))/INDEX('Cohort Summary'!$E$5:$E$14,MATCH($A471,'Cohort Summary'!$A$5:$A$14,0)) -> 0.33571429 | J471: =(E471-INDEX('Cohort Summary'!$F$5:$F$14,MATCH($A471,'Cohort Summary'!$A$5:$A$14,0)))/INDEX('Cohort Summary'!$G$5:$G$14,MATCH($A471,'Cohort Summary'!$A$5:$A$14,0)) -> 0.65437788 | K471: =(F471-INDEX('Cohort Summary'!$H$5:$H$14,MATCH($A471,'Cohort Summary'!$A$5:$A$14,0)))/INDEX('Cohort Summary'!$I$5:$I$14,MATCH($A471,'Cohort Summary'!$A$5:$A$14,0)) -> -0.96750903 | L471: =(G471-INDEX('Cohort Summary'!$J$5:$J$14,MATCH($A471,'Cohort Summary'!$A$5:$A$14,0)))/INDEX('Cohort Summary'!$K$5:$K$14,MATCH($A471,'Cohort Summary'!$A$5:$A$14,0)) -> -0.052631579 | M471: =MAX(I471:K471) -> 0.65437788 | N471: normal | P471: =A471&"|"&N471 -> NURSE-03|normal
A472: NURSE-03 | B472: 46303.316 | C472: Live | D472: 37.7 | E472: 21.1 | F472: 32 | G472: 34.9 | H472: standing | I472: =(D472-INDEX('Cohort Summary'!$D$5:$D$14,MATCH($A472,'Cohort Summary'!$A$5:$A$14,0)))/INDEX('Cohort Summary'!$E$5:$E$14,MATCH($A472,'Cohort Summary'!$A$5:$A$14,0)) -> 0.26428571 | J472: =(E472-INDEX('Cohort Summary'!$F$5:$F$14,MATCH($A472,'Cohort Summary'!$A$5:$A$14,0)))/INDEX('Cohort Summary'!$G$5:$G$14,MATCH($A472,'Cohort Summary'!$A$5:$A$14,0)) -> 1.2995392 | K472: =(F472-INDEX('Cohort Summary'!$H$5:$H$14,MATCH($A472,'Cohort Summary'!$A$5:$A$14,0)))/INDEX('Cohort Summary'!$I$5:$I$14,MATCH($A472,'Cohort Summary'!$A$5:$A$14,0)) -> 1.5595668 | L472: =(G472-INDEX('Cohort Summary'!$J$5:$J$14,MATCH($A472,'Cohort Summary'!$A$5:$A$14,0)))/INDEX('Cohort Summary'!$K$5:$K$14,MATCH($A472,'Cohort Summary'!$A$5:$A$14,0)) -> 2.754386 | M472: =MAX(I472:K472) -> 1.5595668 | N472: caution | O472: foot temperature 2.7 SD above personal baseline | P472: =A472&"|"&N472 -> NURSE-03|caution
A473: NURSE-03 | B473: 46303.316 | C473: Live | D473: 37.7 | E473: 17.9 | F473: 24.2 | G473: 34.2 | H473: sitting | I473: =(D473-INDEX('Cohort Summary'!$D$5:$D$14,MATCH($A473,'Cohort Summary'!$A$5:$A$14,0)))/INDEX('Cohort Summary'!$E$5:$E$14,MATCH($A473,'Cohort Summary'!$A$5:$A$14,0)) -> 0.26428571 | J473: =(E473-INDEX('Cohort Summary'!$F$5:$F$14,MATCH($A473,'Cohort Summary'!$A$5:$A$14,0)))/INDEX('Cohort Summary'!$G$5:$G$14,MATCH($A473,'Cohort Summary'!$A$5:$A$14,0)) -> -0.17511521 | K473: =(F473-INDEX('Cohort Summary'!$H$5:$H$14,MATCH($A473,'Cohort Summary'!$A$5:$A$14,0)))/INDEX('Cohort Summary'!$I$5:$I$14,MATCH($A473,'Cohort Summary'!$A$5:$A$14,0)) -> -1.2563177 | L473: =(G473-INDEX('Cohort Summary'!$J$5:$J$14,MATCH($A473,'Cohort Summary'!$A$5:$A$14,0)))/INDEX('Cohort Summary'!$K$5:$K$14,MATCH($A473,'Cohort Summary'!$A$5:$A$14,0)) -> 1.5263158 | M473: =MAX(I473:K473) -> 0.26428571 | N473: normal | P473: =A473&"|"&N473 -> NURSE-03|normal
A474: NURSE-03 | B474: 46303.317 | C474: Live | D474: 33.1 | E474: 15.7 | F474: 24.7 | G474: 34.9 | H474: walking | I474: =(D474-INDEX('Cohort Summary'!$D$5:$D$14,MATCH($A474,'Cohort Summary'!$A$5:$A$14,0)))/INDEX('Cohort Summary'!$E$5:$E$14,MATCH($A474,'Cohort Summary'!$A$5:$A$14,0)) -> -1.3785714 | J474: =(E474-INDEX('Cohort Summary'!$F$5:$F$14,MATCH($A474,'Cohort Summary'!$A$5:$A$14,0)))/INDEX('Cohort Summary'!$G$5:$G$14,MATCH($A474,'Cohort Summary'!$A$5:$A$14,0)) -> -1.1889401 | K474: =(F474-INDEX('Cohort Summary'!$H$5:$H$14,MATCH($A474,'Cohort Summary'!$A$5:$A$14,0)))/INDEX('Cohort Summary'!$I$5:$I$14,MATCH($A474,'Cohort Summary'!$A$5:$A$14,0)) -> -1.0758123 | L474: =(G474-INDEX('Cohort Summary'!$J$5:$J$14,MATCH($A474,'Cohort Summary'!$A$5:$A$14,0)))/INDEX('Cohort Summary'!$K$5:$K$14,MATCH($A474,'Cohort Summary'!$A$5:$A$14,0)) -> 2.754386 | M474: =MAX(I474:K474) -> -1.0758123 | N474: caution | O474: foot temperature 2.7 SD above personal baseline | P474: =A474&"|"&N474 -> NURSE-03|caution
A475: NURSE-03 | B475: 46303.317 | C475: Live | D475: 38.1 | E475: 20.6 | F475: 23.6 | G475: 33.9 | H475: sitting | I475: =(D475-INDEX('Cohort Summary'!$D$5:$D$14,MATCH($A475,'Cohort Summary'!$A$5:$A$14,0)))/INDEX('Cohort Summary'!$E$5:$E$14,MATCH($A475,'Cohort Summary'!$A$5:$A$14,0)) -> 0.40714286 | J475: =(E475-INDEX('Cohort Summary'!$F$5:$F$14,MATCH($A475,'Cohort Summary'!$A$5:$A$14,0)))/INDEX('Cohort Summary'!$G$5:$G$14,MATCH($A475,'Cohort Summary'!$A$5:$A$14,0)) -> 1.0691244 | K475: =(F475-INDEX('Cohort Summary'!$H$5:$H$14,MATCH($A475,'Cohort Summary'!$A$5:$A$14,0)))/INDEX('Cohort Summary'!$I$5:$I$14,MATCH($A475,'Cohort Summary'!$A$5:$A$14,0)) -> -1.4729242 | L475: =(G475-INDEX('Cohort Summary'!$J$5:$J$14,MATCH($A475,'Cohort Summary'!$A$5:$A$14,0)))/INDEX('Cohort Summary'!$K$5:$K$14,MATCH($A475,'Cohort Summary'!$A$5:$A$14,0)) -> 1 | M475: =MAX(I475:K475) -> 1.0691244 | N475: normal | P475: =A475&"|"&N475 -> NURSE-03|normal
A476: NURSE-03 | B476: 46303.317 | C476: Live | D476: 35.2 | E476: 20 | F476: 26.5 | G476: 34.2 | H476: walking | I476: =(D476-INDEX('Cohort Summary'!$D$5:$D$14,MATCH($A476,'Cohort Summary'!$A$5:$A$14,0)))/INDEX('Cohort Summary'!$E$5:$E$14,MATCH($A476,'Cohort Summary'!$A$5:$A$14,0)) -> -0.62857143 | J476: =(E476-INDEX('Cohort Summary'!$F$5:$F$14,MATCH($A476,'Cohort Summary'!$A$5:$A$14,0)))/INDEX('Cohort Summary'!$G$5:$G$14,MATCH($A476,'Cohort Summary'!$A$5:$A$14,0)) -> 0.79262673 | K476: =(F476-INDEX('Cohort Summary'!$H$5:$H$14,MATCH($A476,'Cohort Summary'!$A$5:$A$14,0)))/INDEX('Cohort Summary'!$I$5:$I$14,MATCH($A476,'Cohort Summary'!$A$5:$A$14,0)) -> -0.42599278 | L476: =(G476-INDEX('Cohort Summary'!$J$5:$J$14,MATCH($A476,'Cohort Summary'!$A$5:$A$14,0)))/INDEX('Cohort Summary'!$K$5:$K$14,MATCH($A476,'Cohort Summary'!$A$5:$A$14,0)) -> 1.5263158 | M476: =MAX(I476:K476) -> 0.79262673 | N476: normal | P476: =A476&"|"&N476 -> NURSE-03|normal
A477: NURSE-03 | B477: 46303.318 | C477: Live | D477: 38.3 | E477: 21 | F477: 32.5 | G477: 34 | H477: standing | I477: =(D477-INDEX('Cohort Summary'!$D$5:$D$14,MATCH($A477,'Cohort Summary'!$A$5:$A$14,0)))/INDEX('Cohort Summary'!$E$5:$E$14,MATCH($A477,'Cohort Summary'!$A$5:$A$14,0)) -> 0.47857143 | J477: =(E477-INDEX('Cohort Summary'!$F$5:$F$14,MATCH($A477,'Cohort Summary'!$A$5:$A$14,0)))/INDEX('Cohort Summary'!$G$5:$G$14,MATCH($A477,'Cohort Summary'!$A$5:$A$14,0)) -> 1.2534562 | K477: =(F477-INDEX('Cohort Summary'!$H$5:$H$14,MATCH($A477,'Cohort Summary'!$A$5:$A$14,0)))/INDEX('Cohort Summary'!$I$5:$I$14,MATCH($A477,'Cohort Summary'!$A$5:$A$14,0)) -> 1.7400722 | L477: =(G477-INDEX('Cohort Summary'!$J$5:$J$14,MATCH($A477,'Cohort Summary'!$A$5:$A$14,0)))/INDEX('Cohort Summary'!$K$5:$K$14,MATCH($A477,'Cohort Summary'!$A$5:$A$14,0)) -> 1.1754386 | M477: =MAX(I477:K477) -> 1.7400722 | N477: normal | P477: =A477&"|"&N477 -> NURSE-03|normal
A478: NURSE-03 | B478: 46303.318 | C478: Live | D478: 36.5 | E478: 17.7 | F478: 23.5 | G478: 34.1 | H478: sitting | I478: =(D478-INDEX('Cohort Summary'!$D$5:$D$14,MATCH($A478,'Cohort Summary'!$A$5:$A$14,0)))/INDEX('Cohort Summary'!$E$5:$E$14,MATCH($A478,'Cohort Summary'!$A$5:$A$14,0)) -> -0.16428571 | J478: =(E478-INDEX('Cohort Summary'!$F$5:$F$14,MATCH($A478,'Cohort Summary'!$A$5:$A$14,0)))/INDEX('Cohort Summary'!$G$5:$G$14,MATCH($A478,'Cohort Summary'!$A$5:$A$14,0)) -> -0.26728111 | K478: =(F478-INDEX('Cohort Summary'!$H$5:$H$14,MATCH($A478,'Cohort Summary'!$A$5:$A$14,0)))/INDEX('Cohort Summary'!$I$5:$I$14,MATCH($A478,'Cohort Summary'!$A$5:$A$14,0)) -> -1.5090253 | L478: =(G478-INDEX('Cohort Summary'!$J$5:$J$14,MATCH($A478,'Cohort Summary'!$A$5:$A$14,0)))/INDEX('Cohort Summary'!$K$5:$K$14,MATCH($A478,'Cohort Summary'!$A$5:$A$14,0)) -> 1.3508772 | M478: =MAX(I478:K478) -> -0.16428571 | N478: normal | P478: =A478&"|"&N478 -> NURSE-03|normal
A479: NURSE-03 | B479: 46303.318 | C479: Live | D479: 39.6 | E479: 15.3 | F479: 23.5 | G479: 32.8 | H479: standing | I479: =(D479-INDEX('Cohort Summary'!$D$5:$D$14,MATCH($A479,'Cohort Summary'!$A$5:$A$14,0)))/INDEX('Cohort Summary'!$E$5:$E$14,MATCH($A479,'Cohort Summary'!$A$5:$A$14,0)) -> 0.94285714 | J479: =(E479-INDEX('Cohort Summary'!$F$5:$F$14,MATCH($A479,'Cohort Summary'!$A$5:$A$14,0)))/INDEX('Cohort Summary'!$G$5:$G$14,MATCH($A479,'Cohort Summary'!$A$5:$A$14,0)) -> -1.3732719 | K479: =(F479-INDEX('Cohort Summary'!$H$5:$H$14,MATCH($A479,'Cohort Summary'!$A$5:$A$14,0)))/INDEX('Cohort Summary'!$I$5:$I$14,MATCH($A479,'Cohort Summary'!$A$5:$A$14,0)) -> -1.5090253 | L479: =(G479-INDEX('Cohort Summary'!$J$5:$J$14,MATCH($A479,'Cohort Summary'!$A$5:$A$14,0)))/INDEX('Cohort Summary'!$K$5:$K$14,MATCH($A479,'Cohort Summary'!$A$5:$A$14,0)) -> -0.92982456 | M479: =MAX(I479:K479) -> 0.94285714 | N479: normal | P479: =A479&"|"&N479 -> NURSE-03|normal
A480: NURSE-03 | B480: 46303.319 | C480: Live | D480: 32.4 | E480: 21.5 | F480: 31.5 | G480: 32.9 | H480: walking | I480: =(D480-INDEX('Cohort Summary'!$D$5:$D$14,MATCH($A480,'Cohort Summary'!$A$5:$A$14,0)))/INDEX('Cohort Summary'!$E$5:$E$14,MATCH($A480,'Cohort Summary'!$A$5:$A$14,0)) -> -1.6285714 | J480: =(E480-INDEX('Cohort Summary'!$F$5:$F$14,MATCH($A480,'Cohort Summary'!$A$5:$A$14,0)))/INDEX('Cohort Summary'!$G$5:$G$14,MATCH($A480,'Cohort Summary'!$A$5:$A$14,0)) -> 1.483871 | K480: =(F480-INDEX('Cohort Summary'!$H$5:$H$14,MATCH($A480,'Cohort Summary'!$A$5:$A$14,0)))/INDEX('Cohort Summary'!$I$5:$I$14,MATCH($A480,'Cohort Summary'!$A$5:$A$14,0)) -> 1.3790614 | L480: =(G480-INDEX('Cohort Summary'!$J$5:$J$14,MATCH($A480,'Cohort Summary'!$A$5:$A$14,0)))/INDEX('Cohort Summary'!$K$5:$K$14,MATCH($A480,'Cohort Summary'!$A$5:$A$14,0)) -> -0.75438596 | M480: =MAX(I480:K480) -> 1.483871 | N480: normal | P480: =A480&"|"&N480 -> NURSE-03|normal
A481: NURSE-03 | B481: 46303.319 | C481: Live | D481: 35 | E481: 19.2 | F481: 32.6 | G481: 33.3 | H481: standing | I481: =(D481-INDEX('Cohort Summary'!$D$5:$D$14,MATCH($A481,'Cohort Summary'!$A$5:$A$14,0)))/INDEX('Cohort Summary'!$E$5:$E$14,MATCH($A481,'Cohort Summary'!$A$5:$A$14,0)) -> -0.7 | J481: =(E481-INDEX('Cohort Summary'!$F$5:$F$14,MATCH($A481,'Cohort Summary'!$A$5:$A$14,0)))/INDEX('Cohort Summary'!$G$5:$G$14,MATCH($A481,'Cohort Summary'!$A$5:$A$14,0)) -> 0.42396313 | K481: =(F481-INDEX('Cohort Summary'!$H$5:$H$14,MATCH($A481,'Cohort Summary'!$A$5:$A$14,0)))/INDEX('Cohort Summary'!$I$5:$I$14,MATCH($A481,'Cohort Summary'!$A$5:$A$14,0)) -> 1.7761733 | L481: =(G481-INDEX('Cohort Summary'!$J$5:$J$14,MATCH($A481,'Cohort Summary'!$A$5:$A$14,0)))/INDEX('Cohort Summary'!$K$5:$K$14,MATCH($A481,'Cohort Summary'!$A$5:$A$14,0)) -> -0.052631579 | M481: =MAX(I481:K481) -> 1.7761733 | N481: normal | P481: =A481&"|"&N481 -> NURSE-03|normal
A482: NURSE-03 | B482: 46303.319 | C482: Live | D482: 34.4 | E482: 17.7 | F482: 30.2 | G482: 32.7 | H482: walking | I482: =(D482-INDEX('Cohort Summary'!$D$5:$D$14,MATCH($A482,'Cohort Summary'!$A$5:$A$14,0)))/INDEX('Cohort Summary'!$E$5:$E$14,MATCH($A482,'Cohort Summary'!$A$5:$A$14,0)) -> -0.91428571 | J482: =(E482-INDEX('Cohort Summary'!$F$5:$F$14,MATCH($A482,'Cohort Summary'!$A$5:$A$14,0)))/INDEX('Cohort Summary'!$G$5:$G$14,MATCH($A482,'Cohort Summary'!$A$5:$A$14,0)) -> -0.26728111 | K482: =(F482-INDEX('Cohort Summary'!$H$5:$H$14,MATCH($A482,'Cohort Summary'!$A$5:$A$14,0)))/INDEX('Cohort Summary'!$I$5:$I$14,MATCH($A482,'Cohort Summary'!$A$5:$A$14,0)) -> 0.90974729 | L482: =(G482-INDEX('Cohort Summary'!$J$5:$J$14,MATCH($A482,'Cohort Summary'!$A$5:$A$14,0)))/INDEX('Cohort Summary'!$K$5:$K$14,MATCH($A482,'Cohort Summary'!$A$5:$A$14,0)) -> -1.1052632 | M482: =MAX(I482:K482) -> 0.90974729 | N482: normal | P482: =A482&"|"&N482 -> NURSE-03|normal
A483: NURSE-03 | B483: 46303.32 | C483: Live | D483: 36 | E483: 20 | F483: 23.2 | G483: 34 | H483: standing | I483: =(D483-INDEX('Cohort Summary'!$D$5:$D$14,MATCH($A483,'Cohort Summary'!$A$5:$A$14,0)))/INDEX('Cohort Summary'!$E$5:$E$14,MATCH($A483,'Cohort Summary'!$A$5:$A$14,0)) -> -0.34285714 | J483: =(E483-INDEX('Cohort Summary'!$F$5:$F$14,MATCH($A483,'Cohort Summary'!$A$5:$A$14,0)))/INDEX('Cohort Summary'!$G$5:$G$14,MATCH($A483,'Cohort Summary'!$A$5:$A$14,0)) -> 0.79262673 | K483: =(F483-INDEX('Cohort Summary'!$H$5:$H$14,MATCH($A483,'Cohort Summary'!$A$5:$A$14,0)))/INDEX('Cohort Summary'!$I$5:$I$14,MATCH($A483,'Cohort Summary'!$A$5:$A$14,0)) -> -1.6173285 | L483: =(G483-INDEX('Cohort Summary'!$J$5:$J$14,MATCH($A483,'Cohort Summary'!$A$5:$A$14,0)))/INDEX('Cohort Summary'!$K$5:$K$14,MATCH($A483,'Cohort Summary'!$A$5:$A$14,0)) -> 1.1754386 | M483: =MAX(I483:K483) -> 0.79262673 | N483: normal | P483: =A483&"|"&N483 -> NURSE-03|normal
A484: NURSE-03 | B484: 46303.32 | C484: Live | D484: 33.7 | E484: 17.5 | F484: 24.9 | G484: 34.2 | H484: walking | I484: =(D484-INDEX('Cohort Summary'!$D$5:$D$14,MATCH($A484,'Cohort Summary'!$A$5:$A$14,0)))/INDEX('Cohort Summary'!$E$5:$E$14,MATCH($A484,'Cohort Summary'!$A$5:$A$14,0)) -> -1.1642857 | J484: =(E484-INDEX('Cohort Summary'!$F$5:$F$14,MATCH($A484,'Cohort Summary'!$A$5:$A$14,0)))/INDEX('Cohort Summary'!$G$5:$G$14,MATCH($A484,'Cohort Summary'!$A$5:$A$14,0)) -> -0.359447 | K484: =(F484-INDEX('Cohort Summary'!$H$5:$H$14,MATCH($A484,'Cohort Summary'!$A$5:$A$14,0)))/INDEX('Cohort Summary'!$I$5:$I$14,MATCH($A484,'Cohort Summary'!$A$5:$A$14,0)) -> -1.0036101 | L484: =(G484-INDEX('Cohort Summary'!$J$5:$J$14,MATCH($A484,'Cohort Summary'!$A$5:$A$14,0)))/INDEX('Cohort Summary'!$K$5:$K$14,MATCH($A484,'Cohort Summary'!$A$5:$A$14,0)) -> 1.5263158 | M484: =MAX(I484:K484) -> -0.359447 | N484: normal | P484: =A484&"|"&N484 -> NURSE-03|normal
A485: NURSE-03 | B485: 46303.32 | C485: Live | D485: 36 | E485: 17.5 | F485: 26.4 | G485: 34 | H485: walking | I485: =(D485-INDEX('Cohort Summary'!$D$5:$D$14,MATCH($A485,'Cohort Summary'!$A$5:$A$14,0)))/INDEX('Cohort Summary'!$E$5:$E$14,MATCH($A485,'Cohort Summary'!$A$5:$A$14,0)) -> -0.34285714 | J485: =(E485-INDEX('Cohort Summary'!$F$5:$F$14,MATCH($A485,'Cohort Summary'!$A$5:$A$14,0)))/INDEX('Cohort Summary'!$G$5:$G$14,MATCH($A485,'Cohort Summary'!$A$5:$A$14,0)) -> -0.359447 | K485: =(F485-INDEX('Cohort Summary'!$H$5:$H$14,MATCH($A485,'Cohort Summary'!$A$5:$A$14,0)))/INDEX('Cohort Summary'!$I$5:$I$14,MATCH($A485,'Cohort Summary'!$A$5:$A$14,0)) -> -0.46209386 | L485: =(G485-INDEX('Cohort Summary'!$J$5:$J$14,MATCH($A485,'Cohort Summary'!$A$5:$A$14,0)))/INDEX('Cohort Summary'!$K$5:$K$14,MATCH($A485,'Cohort Summary'!$A$5:$A$14,0)) -> 1.1754386 | M485: =MAX(I485:K485) -> -0.34285714 | N485: normal | P485: =A485&"|"&N485 -> NURSE-03|normal
A486: NURSE-03 | B486: 46303.321 | C486: Live | D486: 36 | E486: 15.5 | F486: 24.2 | G486: 34 | H486: walking | I486: =(D486-INDEX('Cohort Summary'!$D$5:$D$14,MATCH($A486,'Cohort Summary'!$A$5:$A$14,0)))/INDEX('Cohort Summary'!$E$5:$E$14,MATCH($A486,'Cohort Summary'!$A$5:$A$14,0)) -> -0.34285714 | J486: =(E486-INDEX('Cohort Summary'!$F$5:$F$14,MATCH($A486,'Cohort Summary'!$A$5:$A$14,0)))/INDEX('Cohort Summary'!$G$5:$G$14,MATCH($A486,'Cohort Summary'!$A$5:$A$14,0)) -> -1.281106 | K486: =(F486-INDEX('Cohort Summary'!$H$5:$H$14,MATCH($A486,'Cohort Summary'!$A$5:$A$14,0)))/INDEX('Cohort Summary'!$I$5:$I$14,MATCH($A486,'Cohort Summary'!$A$5:$A$14,0)) -> -1.2563177 | L486: =(G486-INDEX('Cohort Summary'!$J$5:$J$14,MATCH($A486,'Cohort Summary'!$A$5:$A$14,0)))/INDEX('Cohort Summary'!$K$5:$K$14,MATCH($A486,'Cohort Summary'!$A$5:$A$14,0)) -> 1.1754386 | M486: =MAX(I486:K486) -> -0.34285714 | N486: normal | P486: =A486&"|"&N486 -> NURSE-03|normal
... A519: NURSE-03 | B519: 46303.332 | C519: Live | D519: 33.7 | E519: 17.4 | F519: 23.9 | G519: 33.6 | H519: standing | I519: =(D519-INDEX('Cohort Summary'!$D$5:$D$14,MATCH($A519,'Cohort Summary'!$A$5:$A$14,0)))/INDEX('Cohort Summary'!$E$5:$E$14,MATCH($A519,'Cohort Summary'!$A$5:$A$14,0)) -> -1.1642857 | J519: =(E519-INDEX('Cohort Summary'!$F$5:$F$14,MATCH($A519,'Cohort Summary'!$A$5:$A$14,0)))/INDEX('Cohort Summary'!$G$5:$G$14,MATCH($A519,'Cohort Summary'!$A$5:$A$14,0)) -> -0.40552995 | K519: =(F519-INDEX('Cohort Summary'!$H$5:$H$14,MATCH($A519,'Cohort Summary'!$A$5:$A$14,0)))/INDEX('Cohort Summary'!$I$5:$I$14,MATCH($A519,'Cohort Summary'!$A$5:$A$14,0)) -> -1.3646209 | L519: =(G519-INDEX('Cohort Summary'!$J$5:$J$14,MATCH($A519,'Cohort Summary'!$A$5:$A$14,0)))/INDEX('Cohort Summary'!$K$5:$K$14,MATCH($A519,'Cohort Summary'!$A$5:$A$14,0)) -> 0.47368421 | M519: =MAX(I519:K519) -> -0.40552995 | N519: normal | P519: =A519&"|"&N519 -> NURSE-03|normal
A520: NURSE-03 | B520: 46303.333 | C520: Live | D520: 33.4 | E520: 19.9 | F520: 29.7 | G520: 35.4 | H520: standing | I520: =(D520-INDEX('Cohort Summary'!$D$5:$D$14,MATCH($A520,'Cohort Summary'!$A$5:$A$14,0)))/INDEX('Cohort Summary'!$E$5:$E$14,MATCH($A520,'Cohort Summary'!$A$5:$A$14,0)) -> -1.2714286 | J520: =(E520-INDEX('Cohort Summary'!$F$5:$F$14,MATCH($A520,'Cohort Summary'!$A$5:$A$14,0)))/INDEX('Cohort Summary'!$G$5:$G$14,MATCH($A520,'Cohort Summary'!$A$5:$A$14,0)) -> 0.74654378 | K520: =(F520-INDEX('Cohort Summary'!$H$5:$H$14,MATCH($A520,'Cohort Summary'!$A$5:$A$14,0)))/INDEX('Cohort Summary'!$I$5:$I$14,MATCH($A520,'Cohort Summary'!$A$5:$A$14,0)) -> 0.72924188 | L520: =(G520-INDEX('Cohort Summary'!$J$5:$J$14,MATCH($A520,'Cohort Summary'!$A$5:$A$14,0)))/INDEX('Cohort Summary'!$K$5:$K$14,MATCH($A520,'Cohort Summary'!$A$5:$A$14,0)) -> 3.6315789 | M520: =MAX(I520:K520) -> 0.74654378 | N520: caution | O520: foot temperature 3.6 SD above personal baseline | P520: =A520&"|"&N520 -> NURSE-03|caution
A521: NURSE-03 | B521: 46303.333 | C521: Live | D521: 32.1 | E521: 19.8 | F521: 24.3 | G521: 36.2 | H521: sitting | I521: =(D521-INDEX('Cohort Summary'!$D$5:$D$14,MATCH($A521,'Cohort Summary'!$A$5:$A$14,0)))/INDEX('Cohort Summary'!$E$5:$E$14,MATCH($A521,'Cohort Summary'!$A$5:$A$14,0)) -> -1.7357143 | J521: =(E521-INDEX('Cohort Summary'!$F$5:$F$14,MATCH($A521,'Cohort Summary'!$A$5:$A$14,0)))/INDEX('Cohort Summary'!$G$5:$G$14,MATCH($A521,'Cohort Summary'!$A$5:$A$14,0)) -> 0.70046083 | K521: =(F521-INDEX('Cohort Summary'!$H$5:$H$14,MATCH($A521,'Cohort Summary'!$A$5:$A$14,0)))/INDEX('Cohort Summary'!$I$5:$I$14,MATCH($A521,'Cohort Summary'!$A$5:$A$14,0)) -> -1.2202166 | L521: =(G521-INDEX('Cohort Summary'!$J$5:$J$14,MATCH($A521,'Cohort Summary'!$A$5:$A$14,0)))/INDEX('Cohort Summary'!$K$5:$K$14,MATCH($A521,'Cohort Summary'!$A$5:$A$14,0)) -> 5.0350877 | M521: =MAX(I521:K521) -> 0.70046083 | N521: caution | O521: foot temperature 5.0 SD above personal baseline | P521: =A521&"|"&N521 -> NURSE-03|caution
A522: NURSE-03 | B522: 46303.333 | C522: Live | D522: 35 | E522: 21.2 | F522: 24.4 | G522: 36 | H522: walking | I522: =(D522-INDEX('Cohort Summary'!$D$5:$D$14,MATCH($A522,'Cohort Summary'!$A$5:$A$14,0)))/INDEX('Cohort Summary'!$E$5:$E$14,MATCH($A522,'Cohort Summary'!$A$5:$A$14,0)) -> -0.7 | J522: =(E522-INDEX('Cohort Summary'!$F$5:$F$14,MATCH($A522,'Cohort Summary'!$A$5:$A$14,0)))/INDEX('Cohort Summary'!$G$5:$G$14,MATCH($A522,'Cohort Summary'!$A$5:$A$14,0)) -> 1.3456221 | K522: =(F522-INDEX('Cohort Summary'!$H$5:$H$14,MATCH($A522,'Cohort Summary'!$A$5:$A$14,0)))/INDEX('Cohort Summary'!$I$5:$I$14,MATCH($A522,'Cohort Summary'!$A$5:$A$14,0)) -> -1.1841155 | L522: =(G522-INDEX('Cohort Summary'!$J$5:$J$14,MATCH($A522,'Cohort Summary'!$A$5:$A$14,0)))/INDEX('Cohort Summary'!$K$5:$K$14,MATCH($A522,'Cohort Summary'!$A$5:$A$14,0)) -> 4.6842105 | M522: =MAX(I522:K522) -> 1.3456221 | N522: caution | O522: foot temperature 4.7 SD above personal baseline | P522: =A522&"|"&N522 -> NURSE-03|caution
A523: NURSE-03 | B523: 46303.334 | C523: Live | D523: 38.3 | E523: 15.8 | F523: 27.2 | G523: 36.8 | H523: sitting | I523: =(D523-INDEX('Cohort Summary'!$D$5:$D$14,MATCH($A523,'Cohort Summary'!$A$5:$A$14,0)))/INDEX('Cohort Summary'!$E$5:$E$14,MATCH($A523,'Cohort Summary'!$A$5:$A$14,0)) -> 0.47857143 | J523: =(E523-INDEX('Cohort Summary'!$F$5:$F$14,MATCH($A523,'Cohort Summary'!$A$5:$A$14,0)))/INDEX('Cohort Summary'!$G$5:$G$14,MATCH($A523,'Cohort Summary'!$A$5:$A$14,0)) -> -1.1428571 | K523: =(F523-INDEX('Cohort Summary'!$H$5:$H$14,MATCH($A523,'Cohort Summary'!$A$5:$A$14,0)))/INDEX('Cohort Summary'!$I$5:$I$14,MATCH($A523,'Cohort Summary'!$A$5:$A$14,0)) -> -0.1732852 | L523: =(G523-INDEX('Cohort Summary'!$J$5:$J$14,MATCH($A523,'Cohort Summary'!$A$5:$A$14,0)))/INDEX('Cohort Summary'!$K$5:$K$14,MATCH($A523,'Cohort Summary'!$A$5:$A$14,0)) -> 6.0877193 | M523: =MAX(I523:K523) -> 0.47857143 | N523: caution | O523: foot temperature 6.1 SD above personal baseline | P523: =A523&"|"&N523 -> NURSE-03|caution
A524: NURSE-03 | B524: 46303.334 | C524: Live | D524: 38.7 | E524: 19.2 | F524: 27.6 | G524: 36.4 | H524: standing | I524: =(D524-INDEX('Cohort Summary'!$D$5:$D$14,MATCH($A524,'Cohort Summary'!$A$5:$A$14,0)))/INDEX('Cohort Summary'!$E$5:$E$14,MATCH($A524,'Cohort Summary'!$A$5:$A$14,0)) -> 0.62142857 | J524: =(E524-INDEX('Cohort Summary'!$F$5:$F$14,MATCH($A524,'Cohort Summary'!$A$5:$A$14,0)))/INDEX('Cohort Summary'!$G$5:$G$14,MATCH($A524,'Cohort Summary'!$A$5:$A$14,0)) -> 0.42396313 | K524: =(F524-INDEX('Cohort Summary'!$H$5:$H$14,MATCH($A524,'Cohort Summary'!$A$5:$A$14,0)))/INDEX('Cohort Summary'!$I$5:$I$14,MATCH($A524,'Cohort Summary'!$A$5:$A$14,0)) -> -0.028880866 | L524: =(G524-INDEX('Cohort Summary'!$J$5:$J$14,MATCH($A524,'Cohort Summary'!$A$5:$A$14,0)))/INDEX('Cohort Summary'!$K$5:$K$14,MATCH($A524,'Cohort Summary'!$A$5:$A$14,0)) -> 5.3859649 | M524: =MAX(I524:K524) -> 0.62142857 | N524: caution | O524: foot temperature 5.4 SD above personal baseline | P524: =A524&"|"&N524 -> NURSE-03|caution
A525: NURSE-03 | B525: 46303.334 | C525: Live | D525: 33.1 | E525: 17 | F525: 26.6 | G525: 35.3 | H525: standing | I525: =(D525-INDEX('Cohort Summary'!$D$5:$D$14,MATCH($A525,'Cohort Summary'!$A$5:$A$14,0)))/INDEX('Cohort Summary'!$E$5:$E$14,MATCH($A525,'Cohort Summary'!$A$5:$A$14,0)) -> -1.3785714 | J525: =(E525-INDEX('Cohort Summary'!$F$5:$F$14,MATCH($A525,'Cohort Summary'!$A$5:$A$14,0)))/INDEX('Cohort Summary'!$G$5:$G$14,MATCH($A525,'Cohort Summary'!$A$5:$A$14,0)) -> -0.58986175 | K525: =(F525-INDEX('Cohort Summary'!$H$5:$H$14,MATCH($A525,'Cohort Summary'!$A$5:$A$14,0)))/INDEX('Cohort Summary'!$I$5:$I$14,MATCH($A525,'Cohort Summary'!$A$5:$A$14,0)) -> -0.3898917 | L525: =(G525-INDEX('Cohort Summary'!$J$5:$J$14,MATCH($A525,'Cohort Summary'!$A$5:$A$14,0)))/INDEX('Cohort Summary'!$K$5:$K$14,MATCH($A525,'Cohort Summary'!$A$5:$A$14,0)) -> 3.4561404 | M525: =MAX(I525:K525) -> -0.3898917 | N525: caution | O525: foot temperature 3.4 SD above personal baseline | P525: =A525&"|"&N525 -> NURSE-03|caution
A526: NURSE-03 | B526: 46303.335 | C526: Live | D526: 41 | E526: 17.1 | F526: 24.1 | G526: 35.5 | H526: standing | I526: =(D526-INDEX('Cohort Summary'!$D$5:$D$14,MATCH($A526,'Cohort Summary'!$A$5:$A$14,0)))/INDEX('Cohort Summary'!$E$5:$E$14,MATCH($A526,'Cohort Summary'!$A$5:$A$14,0)) -> 1.4428571 | J526: =(E526-INDEX('Cohort Summary'!$F$5:$F$14,MATCH($A526,'Cohort Summary'!$A$5:$A$14,0)))/INDEX('Cohort Summary'!$G$5:$G$14,MATCH($A526,'Cohort Summary'!$A$5:$A$14,0)) -> -0.5437788 | K526: =(F526-INDEX('Cohort Summary'!$H$5:$H$14,MATCH($A526,'Cohort Summary'!$A$5:$A$14,0)))/INDEX('Cohort Summary'!$I$5:$I$14,MATCH($A526,'Cohort Summary'!$A$5:$A$14,0)) -> -1.2924188 | L526: =(G526-INDEX('Cohort Summary'!$J$5:$J$14,MATCH($A526,'Cohort Summary'!$A$5:$A$14,0)))/INDEX('Cohort Summary'!$K$5:$K$14,MATCH($A526,'Cohort Summary'!$A$5:$A$14,0)) -> 3.8070175 | M526: =MAX(I526:K526) -> 1.4428571 | N526: caution | O526: foot temperature 3.8 SD above personal baseline | P526: =A526&"|"&N526 -> NURSE-03|caution
A527: NURSE-03 | B527: 46303.335 | C527: Live | D527: 33.6 | E527: 18.1 | F527: 28.7 | G527: 35.5 | H527: sitting | I527: =(D527-INDEX('Cohort Summary'!$D$5:$D$14,MATCH($A527,'Cohort Summary'!$A$5:$A$14,0)))/INDEX('Cohort Summary'!$E$5:$E$14,MATCH($A527,'Cohort Summary'!$A$5:$A$14,0)) -> -1.2 | J527: =(E527-INDEX('Cohort Summary'!$F$5:$F$14,MATCH($A527,'Cohort Summary'!$A$5:$A$14,0)))/INDEX('Cohort Summary'!$G$5:$G$14,MATCH($A527,'Cohort Summary'!$A$5:$A$14,0)) -> -0.082949309 | K527: =(F527-INDEX('Cohort Summary'!$H$5:$H$14,MATCH($A527,'Cohort Summary'!$A$5:$A$14,0)))/INDEX('Cohort Summary'!$I$5:$I$14,MATCH($A527,'Cohort Summary'!$A$5:$A$14,0)) -> 0.36823105 | L527: =(G527-INDEX('Cohort Summary'!$J$5:$J$14,MATCH($A527,'Cohort Summary'!$A$5:$A$14,0)))/INDEX('Cohort Summary'!$K$5:$K$14,MATCH($A527,'Cohort Summary'!$A$5:$A$14,0)) -> 3.8070175 | M527: =MAX(I527:K527) -> 0.36823105 | N527: caution | O527: foot temperature 3.8 SD above personal baseline | P527: =A527&"|"&N527 -> NURSE-03|caution
A528: NURSE-03 | B528: 46303.335 | C528: Live | D528: 32.7 | E528: 15.1 | F528: 32.9 | G528: 36.4 | H528: standing | I528: =(D528-INDEX('Cohort Summary'!$D$5:$D$14,MATCH($A528,'Cohort Summary'!$A$5:$A$14,0)))/INDEX('Cohort Summary'!$E$5:$E$14,MATCH($A528,'Cohort Summary'!$A$5:$A$14,0)) -> -1.5214286 | J528: =(E528-INDEX('Cohort Summary'!$F$5:$F$14,MATCH($A528,'Cohort Summary'!$A$5:$A$14,0)))/INDEX('Cohort Summary'!$G$5:$G$14,MATCH($A528,'Cohort Summary'!$A$5:$A$14,0)) -> -1.4654378 | K528: =(F528-INDEX('Cohort Summary'!$H$5:$H$14,MATCH($A528,'Cohort Summary'!$A$5:$A$14,0)))/INDEX('Cohort Summary'!$I$5:$I$14,MATCH($A528,'Cohort Summary'!$A$5:$A$14,0)) -> 1.8844765 | L528: =(G528-INDEX('Cohort Summary'!$J$5:$J$14,MATCH($A528,'Cohort Summary'!$A$5:$A$14,0)))/INDEX('Cohort Summary'!$K$5:$K$14,MATCH($A528,'Cohort Summary'!$A$5:$A$14,0)) -> 5.3859649 | M528: =MAX(I528:K528) -> 1.8844765 | N528: caution | O528: foot temperature 5.4 SD above personal baseline | P528: =A528&"|"&N528 -> NURSE-03|caution
A529: NURSE-03 | B529: 46303.336 | C529: Live | D529: 39.5 | E529: 17.3 | F529: 30.4 | G529: 32.8 | H529: sitting | I529: =(D529-INDEX('Cohort Summary'!$D$5:$D$14,MATCH($A529,'Cohort Summary'!$A$5:$A$14,0)))/INDEX('Cohort Summary'!$E$5:$E$14,MATCH($A529,'Cohort Summary'!$A$5:$A$14,0)) -> 0.90714286 | J529: =(E529-INDEX('Cohort Summary'!$F$5:$F$14,MATCH($A529,'Cohort Summary'!$A$5:$A$14,0)))/INDEX('Cohort Summary'!$G$5:$G$14,MATCH($A529,'Cohort Summary'!$A$5:$A$14,0)) -> -0.4516129 | K529: =(F529-INDEX('Cohort Summary'!$H$5:$H$14,MATCH($A529,'Cohort Summary'!$A$5:$A$14,0)))/INDEX('Cohort Summary'!$I$5:$I$14,MATCH($A529,'Cohort Summary'!$A$5:$A$14,0)) -> 0.98194946 | L529: =(G529-INDEX('Cohort Summary'!$J$5:$J$14,MATCH($A529,'Cohort Summary'!$A$5:$A$14,0)))/INDEX('Cohort Summary'!$K$5:$K$14,MATCH($A529,'Cohort Summary'!$A$5:$A$14,0)) -> -0.92982456 | M529: =MAX(I529:K529) -> 0.98194946 | N529: normal | P529: =A529&"|"&N529 -> NURSE-03|normal
A530: NURSE-03 | B530: 46303.336 | C530: Live | D530: 36.9 | E530: 18 | F530: 24.9 | G530: 33.4 | H530: standing | I530: =(D530-INDEX('Cohort Summary'!$D$5:$D$14,MATCH($A530,'Cohort Summary'!$A$5:$A$14,0)))/INDEX('Cohort Summary'!$E$5:$E$14,MATCH($A530,'Cohort Summary'!$A$5:$A$14,0)) -> -0.021428571 | J530: =(E530-INDEX('Cohort Summary'!$F$5:$F$14,MATCH($A530,'Cohort Summary'!$A$5:$A$14,0)))/INDEX('Cohort Summary'!$G$5:$G$14,MATCH($A530,'Cohort Summary'!$A$5:$A$14,0)) -> -0.12903226 | K530: =(F530-INDEX('Cohort Summary'!$H$5:$H$14,MATCH($A530,'Cohort Summary'!$A$5:$A$14,0)))/INDEX('Cohort Summary'!$I$5:$I$14,MATCH($A530,'Cohort Summary'!$A$5:$A$14,0)) -> -1.0036101 | L530: =(G530-INDEX('Cohort Summary'!$J$5:$J$14,MATCH($A530,'Cohort Summary'!$A$5:$A$14,0)))/INDEX('Cohort Summary'!$K$5:$K$14,MATCH($A530,'Cohort Summary'!$A$5:$A$14,0)) -> 0.12280702 | M530: =MAX(I530:K530) -> -0.021428571 | N530: normal | P530: =A530&"|"&N530 -> NURSE-03|normal
A531: NURSE-03 | B531: 46303.336 | C531: Live | D531: 35.6 | E531: 15.6 | F531: 25.9 | G531: 33.5 | H531: sitting | I531: =(D531-INDEX('Cohort Summary'!$D$5:$D$14,MATCH($A531,'Cohort Summary'!$A$5:$A$14,0)))/INDEX('Cohort Summary'!$E$5:$E$14,MATCH($A531,'Cohort Summary'!$A$5:$A$14,0)) -> -0.48571429 | J531: =(E531-INDEX('Cohort Summary'!$F$5:$F$14,MATCH($A531,'Cohort Summary'!$A$5:$A$14,0)))/INDEX('Cohort Summary'!$G$5:$G$14,MATCH($A531,'Cohort Summary'!$A$5:$A$14,0)) -> -1.235023 | K531: =(F531-INDEX('Cohort Summary'!$H$5:$H$14,MATCH($A531,'Cohort Summary'!$A$5:$A$14,0)))/INDEX('Cohort Summary'!$I$5:$I$14,MATCH($A531,'Cohort Summary'!$A$5:$A$14,0)) -> -0.64259928 | L531: =(G531-INDEX('Cohort Summary'!$J$5:$J$14,MATCH($A531,'Cohort Summary'!$A$5:$A$14,0)))/INDEX('Cohort Summary'!$K$5:$K$14,MATCH($A531,'Cohort Summary'!$A$5:$A$14,0)) -> 0.29824561 | M531: =MAX(I531:K531) -> -0.48571429 | N531: normal | P531: =A531&"|"&N531 -> NURSE-03|normal
...

Sheet Clinical Reference
A1: Clinical Reference - why this helps a nurse with diabetes
A2: Facts below are paraphrased from the sources listed at the bottom. Check each source before quoting it in the report, and add the full citation in IEEE style.
A4: 1. Why monitoring pressure and temperature helps
A5: # | B5: Key point | F5: Source (see list below)
A6: 1 | B6: Diabetes-related nerve damage (neuropathy) can remove the feeling of pain, so repeated pressure or heat damage can go unnoticed. It is also linked with abnormally high pressure under the foot. | F6: [A]
A7: 2 | B7: In people with diabetic neuropathy, foot ulcers occur at sites of high pressure. High pressure alone, without neuropathy, does not appear to cause ulcers, so SoleGuard is aimed at nurses WITH diabetes. | F7: [B]
A8: 3 | B8: In a study of 63 patients with neuropathy, the relative risk of ulcer was 4.7 at an area of high pressure, 11.0 under callus, and 56.8 at a site of previous ulcer. | F8: [C]
A9: 4 | B9: Skin temperature rises at a site before an ulcer forms, because of inflammation. Home-monitoring trials treat a difference of more than 2.2 °C (4 °F) between the same spot on the two feet, on two days in a row, as the warning sign. | F9: [D][E]
A10: 5 | B10: A 2022 meta-analysis of 5 randomised trials (772 participants) found daily home foot-temperature monitoring cut the risk of a diabetic foot ulcer (relative risk 0.51, 95% CI 0.31 to 0.84), with low certainty. | F10: [D]
A11: 6 | B11: An earlier meta-analysis of trials reported ulcers in 7.9% of monitored patients versus 22.6% on standard care. | F11: [E]
A12: 7 | B12: Reviews report that up to about 85% of diabetes-related lower-limb amputations follow a foot ulcer, so preventing the ulcer is the goal. | F12: [A]
A13: 8 | B13: Why nurses: long shifts on their feet add repeated load. Add your synopsis literature-survey references on nurses' occupational foot health here. | F13: [your synopsis]
A15: 2. What can happen if the readings are ignored (add photo evidence in the Photo column)
A16: Stage | B16: What happens | C16: What it can look like | D16: SoleGuard warning signal | E16: Photo (insert image here) | F16: Photo source, licence and link
A17: 1. Repeated high pressure or friction | B17: Tissue is loaded again and again. With reduced sensation the nurse feels no pain, so the nurse does not change behaviour. | C17: Often looks normal, or slightly red. | D17: Pressure deviation, especially after long standing. | E17: [insert photo] | F17: [add source + licence + link]
A18: 2. Hot spot (inflammation) | B18: The tissue under the skin becomes inflamed before the skin breaks, so the area runs warmer. | C18: Warm, possibly red skin (a thermal image shows it best). | D18: Temperature deviation above own baseline. | E18: [insert photo] | F18: [add source + licence + link]
A19: 3. Callus | B19: The skin thickens where pressure repeats. Ulcers are far more likely under callus. | C19: Hard, thick, yellowish skin, usually at the heel or ball of the foot. | D19: Pressure deviation recurring in the same zone. | E19: [insert photo] | F19: [add source + licence + link]
A20: 4. Blister or bleeding under callus | B20: Pressure damages the tissue under the thickened skin, producing a pre-ulcer lesion. | C20: Blister, or a dark or blood-stained patch under callus. | D20: Pressure and temperature both elevated (alert). | E20: [insert photo] | F20: [add source + licence + link]
A21: 5. Ulcer | B21: The skin breaks and an open wound forms, usually at a pressure point under the foot. | C21: Open sore on the sole, often painless. | D21: Missed warnings: repeated alerts that were ignored. | E21: [insert photo] | F21: [add source + licence + link]
A22: 6. Infection | B22: Bacteria enter the wound. The infection can spread to deeper tissue and bone. | C22: Spreading redness, swelling, warmth, discharge, odour. | D22: Sustained high temperature. | E22: [insert photo] | F22: [add source + licence + link]
A23: 7. Amputation | B23: Severe infection or tissue death can mean surgery to remove part of the foot or leg. | C23: Tissue that is dark or dead. | D23: This is the outcome SoleGuard aims to prevent by acting at stages 1 to 3. | E23: [insert photo] | F23: [add source + licence + link]
A25: 3. Limits we should state honestly
A26: 1 | B26: Home-monitoring studies compare the same spot on the left and right foot. SoleGuard compares each reading with the nurse's OWN earlier baseline from one insole. It is a related idea, not the same method, and has not been clinically validated.
A27: 2 | B27: The 2022 meta-analysis rates the certainty of its evidence as low, and at least one trial reported no significant difference in ulcer recurrence.
A28: 3 | B28: High pressure matters most in feet with neuropathy. SoleGuard targets nurses with diabetes, not every nurse.
A29: 4 | B29: The 10 nurses in this workbook are simulated, and their names, ages and health details are fictional. The 2 and 3 SD thresholds are standard statistical conventions, not clinically tuned values.
A30: 5 | B30: Photos: use open-licence or open-access images and cite them. Do not photograph real people without their written consent.
A32: 4. Sources (verify full citations before using them in the report)
A33: [A] | B33: Reviews on plantar pressure and diabetic foot ulcers: review on high plantar pressure and pressure feedback, https://e-space.mmu.ac.uk/624548/8/dmrr.3258.pdf ; Wounds UK article on the diabetic foot, https://wounds-uk.com/wp-content/uploads/2023/02/content_11507.pdf
A34: [B] | B34: Clinical implications of foot pressures during normal gait, Diabetes on the Net (The Diabetic Foot Journal), https://diabetesonthenet.com/diabetic-foot-journal/clinical-implications-of-foot-pressures-during-normal-gait/
A35: [C] | B35: The association between callus formation, high pressures and neuropathy in diabetic foot ulceration (PubMed 8946157), https://www.qxmd.com/r/8946157
A36: [D] | B36: Golledge J, Fernando ME, Alahakoon C, Lazzarini PA, Aan de Stegge WB, van Netten JJ, Bus SA. Efficacy of at home monitoring of foot temperature for risk reduction of diabetes-related foot ulcer: a meta-analysis. Diabetes/Metabolism Research and Reviews 2022;38(6):e3549. https://researchonline.jcu.edu.au/75128/
A37: [E] | B37: The Association Between Elevated Foot Skin Temperature and the Incidence of Diabetic Foot Ulcers: A Meta-Analysis. Int J Low Extrem Wounds 2021;20(2):111-118. doi:10.1177/1534734619897501. https://pubmed.ncbi.nlm.nih.gov/32106729/
A38: [F] | B38: Lavery LA et al. Diabetes Care 2007;30:14-20 (home temperature monitoring trial; summary at https://mdedge.com/content/monitoring-foot-temperature-cuts-ulceration-risk). Verify the full citation from the journal.
